project_id,utility,state,project_name,name_a,lat_a,lon_a,name_b,lat_b,lon_b,lat_center,lon_center,start_date,in_service_date,voltage_kv,status,source_id,source_page,description
DESC_1,Dominion Energy South Carolina,SC,Queensboro - Ft Johnson 115 kV & Queensboro-Bayfront 115kV (Queensboro-James Island Sect),Queensboro,,,Ft Johnson & Queensboro,,,,,,2023-12-31,115,In Progress,6807 B,1,Replace the Queensboro – Ft Johnson 115 kV Line and structures as they have reached the end of life.
DESC_2,Dominion Energy South Carolina,SC,Union Pier 115-13.8 kV Sub: Tap,Union Pier,,,,,,,,,2027-12-31,115,Planned,0167C-D,2,Installing a 115 kV Tap to feed the future Union Pier 115 kV Sub.
DESC_3,Dominion Energy South Carolina,SC,"Okatie 230-115kV Substation, Jasper – Yemassee 230kV #1 Fold-in",Okatie,,,,,,,,,2024-12-31,230/115,In Progress,"0139 M,N",3,"Expand existing Okatie Transmission sub, add a 230-115 autobank and fold the Jasper – Yemassee 230 kV #1 line into the 230 kV side. Construct two additional 115 kV bus tie lines."
DESC_4,Dominion Energy South Carolina,SC,Cainhoy - Hamlin 115kV: Rebuild Line and Cainhoy – Hamlin 115 kV #2: Construct New 115 kV Line,Cainhoy,,,Hamlin,,,,,,2025-12-01,115,In Progress,6341 A-F,4,"Upgrade the 954 ACSR portion of the Cainhoy – Hamlin 115 kV line to B795 ACSR conductor, construct a new Cainhoy – Hamlin 115 kV #2 line, add terminals to Cainhoy and Hamlin sub to accommodate upgrades."
DESC_5,Dominion Energy South Carolina,SC,Eastover - Square D 115kV: Rebuild,Eastover,,,Square D,,,,,,2024-06-01,115,In Progress,6808 J,5,Replace wooden H-Frame structures with Self Supporting Steel Structures and restring with 1272 ACSR conductor.
DESC_6,Dominion Energy South Carolina,SC,Burton-St Helena 115kV: Rebuild Burton-Frogmore Transmission Section,Burton,,,St Helena,,,,,,2024-12-31,115,In Progress,6808 K,6,Replace wooden structures with Self Supporting Steel Structures and restring with 1272 ACSR conductor for the Burton – Frogmore Transmission section.
DESC_7,Dominion Energy South Carolina,SC,Burton-St Helena 115kV: Frogmore Distribution - St Helena,Burton,,,St Helena,,,,,,2025-12-31,115,In Progress,6808 L,7,Replace wooden structures with Self Supporting Steel Structures and upgrade to 795 ACSR for the Frogmore Distribution Tap – St. Helena section.
DESC_8,Dominion Energy South Carolina,SC,VCS1-Denny Terrace 230kV & VCS1-Pineland 230kV: Rebuild Single Circuit Sections,VCS1,,,Denny Terrace & VCS1,,,,,,2026-12-31,230,In Progress,"6808 N,O",8,Replace wooden H-Frame structures with Self Supporting Steel Structures and restring with standard 1272 ACSR conductor.
DESC_9,Dominion Energy South Carolina,SC,Wateree-Killian 230kV: Rebuild,Wateree,,,Killian,,,,,,2028-12-31,230,In Progress,6808 R,9,Replace wooden H-Frame structures with Self Supporting Steel Structures.
DESC_10,Dominion Energy South Carolina,SC,Okatie-Bluffton 115kV: Rebuild,Okatie,,,Bluffton,,,,,,2025-06-01,115,In Progress,6808 S,10,Replace wooden H-Frame structures with Self Supporting Steel Structures and upgrade conductor to standard 1272 ACSR.
DESC_11,Dominion Energy South Carolina,SC,Hopkins-CIP 230kV: Rebuild,Hopkins,,,CIP,,,,,,2025-12-31,230,Planned,6808 U,11,Replace wooden H-Frame structures with Self Supporting Steel Structures.
DESC_12,Dominion Energy South Carolina,SC,Faber Place-Bayfront 115kV: Rebuild North Bridge Terrace to Bayfront Section,Faber Place,,,Bayfront,,,,,,2028-12-31,115,Planned,6808 V,12,Replace wooden structures with Self Supporting Steel Structures and upgrade conductor to standard 1272 ACSR.
DESC_13,Dominion Energy South Carolina,SC,Square D - Hopkins 115kV: Rebuild,Square D,,,Hopkins,,,,,,2024-09-30,115,In Progress,6808 W,13,Replace wooden H-Frame structures with Self Supporting Steel Structures and restring with 1272 ACSR conductor.
DESC_14,Dominion Energy South Carolina,SC,Stevens Creek - Hooks 115kV/LR Plumb Branch 46kV Rebuilds,Stevens Creek,,,Hooks,,,,,,2024-12-31,115/46,In Progress,6809 E,14,9.5 miles. Scope includes rebuilding the 115 and 46 kV lines in this corridor SPDC.
DESC_15,Dominion Energy South Carolina,SC,Stevens Creek - Hooks 115kV/LR Plumb Branch 46kV,Stevens Creek,,,Hooks,,,,,,2025-12-31,115/46,Planned,6809 G,15,Upgrade 6.5 miles of aging conductor with 1272 ACSR and rebuild with SPDC.
DESC_16,Dominion Energy South Carolina,SC,"Edenwood Sub: #1 & #2 230-115kV Autobanks, Replace with 336MVA",Edenwood,,,,,,,,,2024-12-25,230/115,In Progress,6805 G,16,Replace Autobank 1 and 2 at Edenwood Substation.
DESC_17,Dominion Energy South Carolina,SC,"Williams St Sub: Replace Sw House & Relays, AM Williams Sub: Replace Sw House, and McMeekin Sub: Add Sw House",Williams St,,,,,,,,,2028-12-31,,In Progress,"1060A, I, L",17,"Replace switch house, switch house equipment, and relay panels at Williams Street substation. Replace the switch house at AM Williams substation. Add Switching House at McMeekin Substation to move relays from plant relay room."
DESC_18,Dominion Energy South Carolina,SC,Harleyville 115KV Transmission Tap – Construct (1.4 miles),Harleyville,,,,,,,,,2027-03-31,115,Planned,06005 B,18,Extend the 115 kV line from the Blue Circle tap to the Harleyville substation to provide 115 kV service.
DESC_19,Dominion Energy South Carolina,SC,Summerville: Replace and Spare 230-115kV 336MVA Auto Bank,Summerville,,,,,,,,,2024-12-31,230/115,In Progress,05004 P,19,"Purchase a spare 230/115kV, 336MVA Autobank for the Southern Region to be stored at Summerville 230kV Sub. Include a pad, AC for heaters, and possibly a pit for oil containment."
DESC_20,Dominion Energy South Carolina,SC,Canadys-Ritter 115KV-Rebld SPDC 230/115KV 1272 (Approx 18 Miles),Canadys,,,Ritter,,,,,,2026-06-01,115/230,In Progress,06076A,20,Rebuild Canadys-Ritter 115 kV line as SPDC with 230 kV on one side and 115 kV on the other side.
DESC_21,Dominion Energy South Carolina,SC,Yemassee– Ritter 230kV #1 & #2: Construct SPDC with B-1272,Yemassee,,,Ritter,,,,,,2026-06-01,230,Planned,6359,21,Construct Ritter – Yemassee 230kV #1 and #2 SPDC with B1272 ACSR on both sides. Convert the existing Ritter – Yemassee 230 kV to 115 kV operation. Convert and add terminals at Ritter and Yemassee. Add 230 kV bus tie at Ritter and upgrade the Yemassee 230 kV bus tie.
DESC_22,Dominion Energy South Carolina,SC,Riverport Tap: Construct Tap,Riverport,,,,,,,,,2025-12-31,,In Progress,"06367 A - C, H",22,Construct Okatie – Riverport 230 kV to feed new Distribution substation.
DESC_23,Dominion Energy South Carolina,SC,Jasper – Okatie 230 kV #2: Construct,Jasper,,,Okatie,,,,,,2025-12-31,230,In Progress,06367 D - G,23,Construct a 230 kV line with B1272 ACSR from Jasper to Okatie 230/115kV Substation. The line is estimated to be 6.5 miles long. This makes Jasper a Medium Impact substation and will require a new CIP Hut.
DESC_24,Dominion Energy South Carolina,SC,Wagener 115kV Tap: Construct Tap,Wagener,,,,,,,,,2025-12-31,115,Planned,06371 D,24,Constructing a 115 kV Tap off the Edmund Switching Station- Owens Corning 115 kV Line to feed new Wagener Distribution substation.
DESC_25,Dominion Energy South Carolina,SC,Church Creek - Ritter 230kV - Replace 38 Large Angles and Dead Ends,Church Creek,,,Ritter,,,,,,2024-06-01,230,In Progress,06372 A,25,Replace 6.5 miles of aging conductor.
DESC_26,Dominion Energy South Carolina,SC,VCS2-Ward 230kV: Rebuild Line,VCS2,,,Ward,,,,,,2029-12-31,230,Planned,06810 F,26,Rebuild 40 miles of 230 kV line.
DESC_27,Dominion Energy South Carolina,SC,Goose Creek Reservoir: Rebuild Transmission Line Crossings,Goose Creek Reservoir,,,,,,,,,2024-12-31,,In Progress,06810 G,27,Rebuilding the Williams Goose Creek 230 and 115 kV lines and the Williams - Faber Place 230 kV line across the Goose Creek Reservoir.
DESC_28,Dominion Energy South Carolina,SC,Summerville 115kV Loop: Rebuild,Summerville,,,,,,,,,2024-12-31,115,In Progress,06810 H,28,Replacing several wood pole sections on the Summerville 115 kV Loop that have reached the end of life.
DESC_29,Dominion Energy South Carolina,SC,St George - Sumter 230kV Tie: Rebuild Line from Santee Substation - Duke/Progress Energy Tie,St George,,,Sumter,,,,,,2025-12-31,230,Planned,6809 M,29,Rebuild Line from Santee Substation - Duke/Progress Energy Tie.
DESC_30,Dominion Energy South Carolina,SC,Coit – Gills Creek 115kV: Construct,Coit,,,Gills Creek,,,,,,2024-12-31,115,In Progress,5392 A-C,30,Convert the existing Coit - Gills Creek 33 kV Line to 115 kV. Approximately 1.25 miles. Construct Gills Creek Terminal at Coit Bus #1.
DESC_31,Dominion Energy South Carolina,SC,Hooks - Thurmond 115kV Tie: Rebuild,Hooks,,,Thurmond,,,,,,2024-12-31,115,In Progress,6810 A,31,"Rebuilding section of line between Hooks and Thurmond. Approximately 2.3 miles. The line will be rebuilt on existing R/W using steel poles, 115 kV insulation, and 1272 ACSR conductor."
DESC_32,Dominion Energy South Carolina,SC,Batesburg - Saluda County 115kV: Rebuild,Batesburg,,,Saluda County,,,,,,2025-12-31,115,In Progress,6809 N,32,Rebuild 13.5 miles of conductor.
DESC_33,Dominion Energy South Carolina,SC,Scout 230 kV Sub and Fold-in: Construct,Scout,,,,,,,,,2026-03-31,230,In Progress,6853 B-F,33,Construct 230kV Transmission Line for Scout Customer Substation and modify VCS1 and Killian terminals.
DESC_34,Dominion Energy South Carolina,SC,Dawson 230kV Sub and Fold-in: Construct and Rebuild,Dawson,,,,,,,,,2026-10-01,230,In Progress,6859,34,Construct Dawson 230kV substation. Fold in the existing Canadys – Church Creek and Canadys – Faber Place 230kV lines at the Dawson 230kV substation (phase 1). Rebuild Canadys – Dawson 230kV #1 and #2 with B1272 ACSR (phase 2).
DESC_35,Dominion Energy South Carolina,SC,Urquhart – Toolebeck 115kV line: Rebuild,Urquhart,,,Toolebeck,,,,,,2026-08-12,115,In Progress,6852,35,Upgrade the 477 ACSR portions of the Urquhart – Toolebeck 115 kV line to 1272 ACSR. Replace existing structures with Single Pole Double Circuit Structures. Approximately 12.5 miles.
DESC_36,Dominion Energy South Carolina,SC,Williams-Summerville 230kV: Upgrade to SPDC B1272 ACSR,Williams,,,Summerville,,,,,,2027-05-01,230,Planned,6388 A,36,Rebuild the section of the Williams - Summerville 230 kV line from Ladson Jct to Williams. Line to upgraded to B-1272 and designed for a future second circuit. Approximately 10 miles.
DESC_37,Dominion Energy South Carolina,SC,Cainhoy 115 kV Tap: Construct,Cainhoy,,,,,,,,,2027-12-31,115,Planned,"0147 C, K",37,Construct a 115 kV tap from Cainhoy to Clements Ferry. Approximately 2.8 miles. Construct terminal at Cainhoy.
DESC_38,Dominion Energy South Carolina,SC,Jack Primus 115 kV Tap: Construct,Jack Primus,,,,,,,,,2027-12-31,115,Planned,"0147 B, J",38,Construct a 115 kV tap from Jack Primus to Clements Ferry. Approximately 2.2 miles. Construct terminals at Jack Primus.
DESC_39,Dominion Energy South Carolina,SC,Church Creek – Faber Place – Charleston Transmission: Add 230kV Line,Church Creek,,,Faber Place,,,,,,2027-05-01,230,In Progress,"6847 A-B, D-H",39,"Construct a 230 kV transmission line from Church Creek to Charleston Transmission. The Church Creek – Faber Place 230kV and 115kV lines will be rebuilt, and a 230kV line will be added between Faber Place and Charleston Transmission. Add 230/115kV transformer at Charleston Transmission. Add/upgrade terminals and bus work at impacted substations."
DESC_40,Dominion Energy South Carolina,SC,Eastover – Sumter 115kV DEP Tie: Rebuild with 1272 ACSR,Eastover,,,Sumter DEP,,,,,,2026-05-31,115,Planned,6846 A,40,Upgrade the DESC section (approx. 1 mile) of the tie line from 397.5 ACSR Ibis to 1272 ACSR.
DESC_41,Dominion Energy South Carolina,SC,Cameron Jct – Elloree 46 kV Rebuild,Cameron Jct,,,Elloree,,,,,,2026-12-31,46,Planned,6810 U,41,Rebuilding the Cameron Jct – Elloree 46 kV Line. 7.3 miles.
DESC_42,Dominion Energy South Carolina,SC,Elloree – Santee City 46 kV: Rebuild,Elloree,,,Santee City,,,,,,2027-12-31,46,Planned,6810 J,42,Rebuilding the 46 kV line between Elloree and Santee City. 7 miles.
DESC_43,Dominion Energy South Carolina,SC,Urquhart – Aiken PSA 46 kV: Rebuild,Urquhart,,,Aiken PSA,,,,,,2027-12-31,46,Planned,6810 O,43,Rebuilding the section of 46 kV line from Urquhart to the Aiken PSA tap point. TBD if the scope of this project includes rebuilding the actual tap Aiken PSA. 4.5 miles.
DESC_44,Dominion Energy South Carolina,SC,Cameron Jct – Cameron – St Matthews 46 kV Rebuild,Cameron Jct,,,Cameron,,,,,,2028-12-31,46,Planned,6810 T,44,Rebuilding the 46 kV line between Cameron Jct and St Matthews. 9.8 miles.
GPC_21046,Georgia Power,GA,THALMANN AND COLERAIN 23O KV LINE RELAY PANEL UPGRADES,THALMANN,,,COLERAIN,,,,,2024-12-01,2025-06-01,230,New Project,21046,214,Relay protection modifications at GPC's Thalmann and Colerain substations to match relay scheme used at GTC's new Camden Industrial Park 230/115kV substation.
GPC_20326,Georgia Power,GA,ANTHONY SHOALS STATCOM SYSTEM,ANTHONY SHOALS,,,,,,,,2023-08-04,2025-12-31,,New Project,20326,215,Install a + 150 / - 150 MVAR turnkey STATCOM system at Anthony Shoals 230kV substation.
GPC_17075,Georgia Power,GA,SAV: LITTLE OGEECHEE 230-115KV: RELAY MODERNIZATION,LITTLE OGEECHEE,,,,,,,,2022-06-01,2025-12-31,230/115,New Project,17075,216,Relay modernization with conversion of the 230kV ring bus to BAAH topology and addition of BAAH rung for Big Ogeechee - Little Ogeechee (Red) 230kV Line. Rebuild 115kV straight bus to BAAH design.
GPC_20491,Georgia Power,GA,EAST POINT RELAY MODERNIZATION,EAST POINT,,,,,,,,2024-01-01,2026-06-01,,New Project,20491,217,"Upgrade protection on 230kV buses, 115kV buses, and 230/115kV auto transformer at the East Point station. Add adequate monitoring on DC supply."
GPC_20474,Georgia Power,GA,GRADY 230/115KV RELAY MODERNIZATION,GRADY,,,,,,,,2024-01-01,2026-06-01,230/115,New Project,20474,218,"Upgrade protection on 230kV bus, all 115kV buses, and both 230/115kV auto transformers at Grady. Add adequate monitoring on DC supply. Install a 230kV breaker and associated switches on the high side of Grady 230/115kV auto transformer D."
GPC_20490,Georgia Power,GA,KLONDIKE RELAY MODERNIZATION,KLONDIKE,,,,,,,,2024-01-01,2026-06-01,,New Project,20490,219,Upgrade protection on 230kV buses at the Klondike station. Add adequate monitoring on DC supply.
GPC_20300,Georgia Power,GA,MORROW 115KV RELAY UPGRADE,MORROW,,,,,,,,2024-06-01,2026-06-01,115,New Project,20300,220,Upgrade protection scheme on all three 115kV buses at Morrow.
GPC_20489,Georgia Power,GA,SCOTTDALE RELAY MODERNIZATION,SCOTTDALE,,,,,,,,2024-01-01,2026-06-01,,New Project,20489,221,Upgrade protection on 230kV bus and 230/115kV auto transformers at the Scottdale station. Add adequate monitoring on DC supply.
GPC_20668,Georgia Power,GA,DRESDEN LINE PROTECTIVE RELAYING,DRESDEN,,,,,,,,2024-12-01,2026-12-01,,New Project,20668,222,"On the O'Hara - Wansley 500kV line, replace the protective relay panels associated with the 500kV line terminal facing Dresden, at both O'Hara and Wansley."
GPC_18832,Georgia Power,GA,MEAG: FORTSON SUBSTATION MODERNIZATION,FORTSON,,,,,,,,2025-01-01,2027-01-13,,Project delayed from 2024 to 2027,18832,223,"Complete modernization and replacement of obsolete equipment and relays for the 500kV, 230kV, and 115kV yards. Add a redundant relay scheme at Fortson."
GPC_21022,Georgia Power,GA,OHARA BREAKER REPLACEMENT,OHARA,,,,,,,,2025-10-01,2026-10-01,,New Project,21022,225,Replace Breaker on the Ohara - Tara 115kV Line at the Ohara Substation.
GPC_20277,Georgia Power,GA,SAV: MCINTOSH - PURRYSBURG 230KV REACTORS,MCINTOSH,,,PURRYSBURG,,,,,2024-01-01,2026-06-01,230,New Project,20277,227,Install reactors on the McIntosh - Purrysburg (Black and White) 230kV tie lines at McIntosh. Rebuild 0.1 miles (GPC portion) for both lines to (2) 200C 1351 ACSS conductor.
GPC_21111,Georgia Power,GA,GTC: HARTWELL DAM - HARTWELL ENERGY 230KV SERIES REACTORS,HARTWELL DAM,,,HARTWELL ENERGY,,,,,2027-06-01,2030-06-01,230,New Project,21111,228,GTC: Replace the 1600A series reactors on the Hartwell Dam - Hartwell Energy 230kV line with 3000A.
GPC_21113,Georgia Power,GA,GTC: HARTWELL ENERGY - MIDDLE FORK 230KV LINE,HARTWELL ENERGY,,,MIDDLE FORK,,,,,2027-06-01,2030-06-01,230,New Project,21113,229,"Construct a new 230kV line, approx. 35 miles, from Hartwell Energy to Middle Fork with 200C (2) 1351 ACSS conductor. GTC: Expand Hartwell Energy 230kV and Middle Fork 230kV as necessary to install breakers to accept new line termination."
GPC_19523,Georgia Power,GA,SAV: CC - HYUNDAI MOTORS SAVANNAH AKA. PROJECT EA,CC,,,HYUNDAI MOTORS SAVANNAH,,,,,2022-06-01,2025-04-25,,New Project,19523,231,"Construct a new Hyundai 230kV substation with an eight element 230kV ring bus and four 230/25kV banks. Construct a new Newton Rd 230kV substation with a five element 230kV ring bus and loop through the Little Ogeechee - Meldrim Black and White 230kV lines. Build two new 230kV lines connecting from Hyundai - Newton Rd (12 miles) and Hyundai - Meldrim (10 miles). At Meldrim, add a breaker to accommodate for the new Hyundai line. Install a 115/25kV bank at Interstate Centre and build a new 115kV line from Interstate Centre - Hyundai (2.3 miles) for bridge power."
GPC_18670,Georgia Power,GA,GTC: BANKS CROSSING - POND FORK 115 KV,BANKS CROSSING,,,POND FORK,,,,,2021-06-01,2025-05-01,115,Project delayed from 2024 to 2025,18670,232,GTC will build a new 115kV line from McClure Industrial to structure 21N on the Ridgeway Church Road Junction or tap point (approximately 3 miles). Close normally open switch at Ridgeway Church Road to establish the Banks Crossing - Pond Fork 115kV line. All new conductors should be 100C 1351 ACSR Martin.
GPC_18492,Georgia Power,GA,MITCHELL - NORTH TIFTON 230KV RECONDUCTOR,MITCHELL,,,NORTH TIFTON,,,,,2021-12-31,2025-05-01,230,Project delayed from 2024 to 2025,18492,233,Rebuild 35.21 miles of the Mitchell - North Tifton 230kV line from 100C 795 ACSR to 100C 1351 ACSR.
GPC_19676,Georgia Power,GA,ADAMSVILLE - JACK MCDONOUGH 230KV LINE REBUILD,ADAMSVILLE,,,JACK MCDONOUGH,,,,,2023-06-01,2025-06-01,230,New Project,19676,234,Rebuild the entire 6.1 mile Adamsville - Jack McDonough 230kV line with 160C 1351 ACSS.
GPC_18800,Georgia Power,GA,ECHECONNEE-WELLSTON 115KV REBUILD,ECHECONNEE,,,WELLSTON,,,,,2024-01-01,2025-06-01,115,No Change,18800,235,Rebuild the South Warner Robins to Wellston section (1.2 miles) with 100C 1351.5 ACSR Martin conductor.
GPC_19187,Georgia Power,GA,GRID - BREMEN - CROOKED CREEK (APC) 115 KV PROJECT,GRID,,,BREMEN,,,,,2021-09-01,2025-06-01,115,New Project,19187,236,"Rebuild from Bremen to Indian Creek Road, on the Bremen - Crooked Creek 115kV line (14 miles), using 795 ACSR conductor at 100C."
GPC_18153,Georgia Power,GA,GTC: BONAIRE PRI-ECHECONNEE 115 KV PARTIAL REBUILD,BONAIRE PRIMARY,,,ECHECONNEE,,,,,2023-01-01,2025-06-01,115,Project advanced from 2030 to 2025,18153,237,Rebuild 2.3 miles of the Bonaire Primary - Echeconnee 115kV line with 100C ACSR 795 conductor.
GPC_20342,Georgia Power,GA,GTC: CAMDEN INDUSTRIAL PARK 230/115KV NEW SUBSTATION,CAMDEN INDUSTRIAL PARK,,,,,,,,2024-01-01,2025-06-01,230/115,New Project,20342,238,"GTC will construct a new 230/115kV substation with a three element 230kV ring bus, two element 115kV ring bus, and one new 230/115kV 400MVA transformer. A new 115kV line to Kinlaw substation will be built also."
GPC_20590,Georgia Power,GA,GTC: EATONTON PRIMARY - LICK CREEK 115KV LINE SWITCH REPLACEMENT,EATONTON PRIMARY,,,LICK CREEK,,,,,2023-12-01,2025-06-01,115,New Project,20590,239,Replace a 1200A RLB line switch on the Eatonton - Lake Oconee 115kV line with a with motor operator and SCADA controls. This switch is located on GTC's Eatonton Primary - Lick Creek 115kV section of the Eatonton Primary - Lake Oconee 115kV Line.
GPC_11821,Georgia Power,GA,JESUP - LUDOWICI PRIMARY 115KV REBUILD,JESUP,,,LUDOWICI PRIMARY,,,,,2023-06-01,2025-06-01,115,Project delayed from 2024 to 2025,11821,240,Rebuild approximately 7.5 miles of the Jesup - North Jesup - Rayonier section of the Jesup - Ludowici Primary 115kV line from 100C 336.4 ACSR Linnet conductor to 100C 795 ACSR Drake conductor.
GPC_13753,Georgia Power,GA,MEAG: ALCOVY ROAD - SKC 115 KV RECONDUCTOR,ALCOVY ROAD,,,SKC,,,,,2023-06-01,2025-06-01,115,New Project,13753,241,MEAG will reconductor approximately 0.53 miles of 100C 336 ACSR conductor with 100C 1033 ACSR conductor from Alcovy Road to Alcovy Road Jct. on the Alcovy Road - SKC 115kV line.
GPC_13787,Georgia Power,GA,MEAG: AULTMAN ROAD - BONAIRE PRIMARY 115 KV REBUILD,AULTMAN ROAD,,,BONAIRE PRIMARY,,,,,2023-06-01,2025-06-01,115,New Project,13787,242,MEAG: Rebuild approximately 1.99 miles of Sleepy Hollow - Peach Blossom 115kV section of the Aultman Road - Bonaire Primary 115kV line from 100C 336 ACSR to 100C 795 ACSR. GTC: Replace the jumpers at Sleepy Hollow with 1590 AAC.
GPC_20464,Georgia Power,GA,NORCROSS 230KV BUS 1-3 SERIES BUS TIE BREAKER INSTALLATION,NORCROSS,,,,,,,,2023-11-01,2025-06-01,230,New Project,20464,243,Install a bus tie breaker in series with existing bus tie breaker between 230kV Bus 1 and Bus 3 at Norcross.
GPC_19631,Georgia Power,GA,PINE GROVE PRIMARY 115 KV DUAL STAGE CAPACITOR BANK,PINE GROVE PRIMARY,,,,,,,,2023-11-01,2025-06-01,115,New Project,19631,244,Install a Dual Stage 30MVAR capacitor bank at Pine Grove Primary.
GPC_20067,Georgia Power,GA,SAV: DEPTFORD - MAGNOLIA 115KV RECONDUCTOR,DEPTFORD,,,MAGNOLIA,,,,,2023-01-01,2025-06-01,115,New Project,20067,245,Reconductor the Deptford - Magnolia 115kV line (approximately 5 miles) using 973.1 C7 ACCS (Everglades) conductor and upgrade the Deptford main bus.
GPC_20466,Georgia Power,GA,SMART VALVE INSTALLATION,SMART VALVE,,,,,,,,2023-10-01,2025-06-01,,New Project,20466,246,Installation of Smart Valve devices inside the Eatonton Primary substation on the Branch - Oasis 230kV and Eatonton Primary - Oasis 230kV lines.
GPC_20431,Georgia Power,GA,VILLA RICA LOW SIDE BREAKER,VILLA RICA,,,,,,,,2024-06-01,2025-06-01,,New Project,20431,247,Replace a low side breaker at Villa Rica with a 4000A breaker.
GPC_20684,Georgia Power,GA,CAMDEN INDUSTRIAL PARK (GPC),CAMDEN INDUSTRIAL PARK,,,,,,,,2024-01-01,2025-06-30,,New Project,20684,248,This project will loop in GPC's existing Colerain to Thalman 230kV line into GTC's new Camden Industrial Park station. GPC's Kingsland termination at GTC's Kinlaw sub will be relocated to a new 115kV bay position.
GPC_18774,Georgia Power,GA,GTC: HEARD COUNTY - TENASKA 500KV (SECOND LINE),HEARD COUNTY,,,TENASKA,,,,,2021-12-01,2025-12-01,500,Project delayed from 2024 to 2025,18774,249,"GTC: Build a second Heard County - Tenaska 500kV line, 0.8 miles, with 100C (3) 1113 ACSR Bluejay conductors. Add a 500kV breaker at Heard County. GPC: Add a 500kV breaker at Tenaska."
GPC_18889,Georgia Power,GA,JEFFERSON STREET#3 - NORTHWEST (WHITE) 115 KV RECONDUCTOR,JEFFERSON STREET,,,NORTHWEST,,,,,2024-01-01,2025-12-01,115,Project advanced from 2030 to 2025,18889,250,Rebuild the 115kV White line from Northwest to Jefferson Street #3 (1.2 miles) with 200C 1351 ACSS conductor.
GPC_20152,Georgia Power,GA,CC - CASS PINE- HILL VIEW 230 KV LINE- CC IMPROVEMENTS,CC,,,CASS PINE- HILL VIEW LINE- CC,,,,,2023-06-01,2025-12-31,230,New Project,20152,251,Build a new 7.58 mile 200C 1351 ACSS conductor 230kV line between new Cass Pine and Hill View 230kV substations.
GPC_20175,Georgia Power,GA,CC - PROJECT CHRONOS- SK/HYUNDAI,CC,,,PROJECT CHRONOS- SK,,,,,2023-07-31,2025-12-31,,New Project,20175,252,GPC will build a 230/25kV station named Two Run Ranch and loop it into the Cartersville - Pinson 230kV line to serve SK Battery/Hyundai and new load in the area.
GPC_20010,Georgia Power,GA,GTC: ANTHONY SHOALS - WASHINGTON 115 KV LINE REBUILD,ANTHONY SHOALS,,,WASHINGTON,,,,,2024-01-01,2025-12-31,115,New Project,20010,253,Rebuild 21 miles of the Double Branches Junction - Washington 115kV line section with 100C 795 ACSR conductor or higher rated conductor.
GPC_18691,Georgia Power,GA,GTC: LIZARD LOPE - WESTOVER 115 KV NEW LINE,LIZARD LOPE,,,WESTOVER,,,,,2021-06-01,2026-03-01,115,"Project delayed from 2024 to 2026. Previously titled ""GTC: Gillionville - Greenhouse 115kV Line""",18691,254,"Construct two new 115kV stations, Lizard Lope and Westover, and build a new 19.8 miles of 115kV line from Lizard Lope to Gillionville"
GPC_20018,Georgia Power,GA,CC - QTS FAYETTEVILLE TRANSMISSION NEEDS,CC,,,QTS FAYETTEVILLE,,,,,2023-06-01,2026-04-01,,New Project,20018,255,"Build a new 500/230kV substation (Ashley Park) splitting the Ohara - Union City 500kV line. Install two 500/230kV auto transformers at the Ashley Park station. At Ashley Park, the 500kV side will be a 4 - breaker ring bus, while the 230kV side will be a 2 - rung Breaker and a Half configuration. Build two new 230kV lines (~6 miles each) from Ashley Park to the high side of customer substations. The new lines will be built with bundled 200C 1351 ACSS Martin conductor."
GPC_19597,Georgia Power,GA,ADAMSVILLE - BUZZARD ROOST 230KV REBUILD AND JUMPER UPGRADE,ADAMSVILLE,,,BUZZARD ROOST,,,,,2024-06-01,2026-06-01,230,New Project,19597,256,Rebuild the line sections from Adamsville to Boat Rock Road (8.08 miles) on the Adamsville - Buzzard Roost 230kV line with 200C 1351 ACSS Martin conductor. Replace the AAC 750 jumper on the line at Adamsville with (2) 1590 AAC jumper. Replace 1590 AAC jumpers at Bakers Ferry and Boat Rock with (2) 1590 AAC jumpers. Replace 1600A line switches at Boat Rock with 3000A switches.
GPC_18960,Georgia Power,GA,BLANKETS CREEK – WOODSTOCK 115KV LINE REBUILD,BLANKETS CREEK,,,WOODSTOCK,,,,,2025-06-01,2026-06-01,115,No Change,18960,257,"Rebuild the entire Blankets Creek - Woodstock 115kV line, approximately 7.1 miles, with 200C 795 ACSS conductor."
GPC_20243,Georgia Power,GA,CC - GARRETT ROAD SWITCHING STATION - TRAE LANE,CC,,,GARRETT ROAD,,,,,2023-04-30,2026-06-01,,New Project,20243,258,Build the new Garrett Road 230kV switching station (three - element ring bus) splitting the Villa Rica - West Marietta 230kV line. Build a new 230kV line (8.6 miles) from the Trae Lane substation to the Garrett Road switching station with bundled 100C 1351 ACSR conductor.
GPC_20216,Georgia Power,GA,CC - STONEWALL TELL ROAD (TA REALTY),CC,,,STONEWALL TELL ROAD,,,,,2025-01-01,2026-06-01,,New Project,20216,259,"Build 230kV line segment, using 200C 1351 ACSS Martin conductor, to loop in the Stonewall Tell Road (TA Realty) customer station into the East Point - Union City 230kV Black line."
GPC_18679,Georgia Power,GA,DU: EAST DALTON - OOSTANAULA 115KV REBUILD,EAST DALTON,,,OOSTANAULA,,,,,2023-06-01,2026-06-01,115,Project delayed from 2023 to 2026. Project previously listed under TEAMS #18851.,18679,260,DU: Rebuild the portion of East Dalton - Oostanaula and Dalton - East Dalton 115kV double circuit lines between East Dalton substation and the Dalton substation frame with 200C 795 ACSS.
GPC_16007,Georgia Power,GA,FENWICK STREET - SAND BAR FERRY 115KV (RECONDUCTOR/REBUILD),FENWICK STREET,,,SAND BAR FERRY,,,,,2022-09-01,2026-06-01,115,New Project,16007,261,Reconductor approximately 2.72 miles of transmission line from Fenwick St to East Augusta Jct. with 100C 1351 ACSR conductor.
GPC_20516,Georgia Power,GA,"GOAT ROCK 230KV SWITCH, JUMPER, & LINE TRAP REPLACEMENT",GOAT ROCK SWITCH,,,,,,,,2024-01-01,2026-06-01,230,New Project,20516,262,"Replace the 230kV 1200A switch with 3000A, 90C 1351.5 ACSR Martin jumper with (2) AAC 1590, and 1600A line trap with 3000A (part of the Goat Rock - North Opelika 230kV line at Goat Rock substation."
GPC_19618,Georgia Power,GA,GORDON-N DUBLIN 115KV (GORDON-ENGL MCI J) REBUILD,GORDON,,,NORTH DUBLIN,,,,,2023-10-01,2026-06-01,115,New Project,19618,263,Rebuild the Gordon - Engelhard McIntyre J of the Gordon - North Dublin 115kV line from 100C 336.4 ACSR (2.81 miles) Linnet and 75C 4/0 F Copper/CW (3.18 miles) to 200C ACSS 795 conductor.
GPC_21139,Georgia Power,GA,GRADY - MORROW (WHITE) 115KV REBUILD,GRADY,,,MORROW,,,,,2024-06-01,2026-06-01,115,New Project,21139,264,Replace 0.72 miles of conductor from Moreland Way to Morrow including the bus and jumper at Moreland Way with 1351.5 Martin/ACSS 54/19 conductor.
GPC_19706,Georgia Power,GA,GRID - GAINESVILLE #2 EQUIPMENT REPLACEMENT,GRID,,,GAINESVILLE,,,,,2024-12-31,2026-06-01,,New Project,19706,265,GPC: Replace the two 230/115kV auto transformers (Bank C and D) at Gainesville #2 with 400MVA. Project was originally maintenance driven but now compliance driven.
GPC_21137,Georgia Power,GA,GTC: CONYERS - CORNISH MOUNTAIN 115KV LINE UPGRADE,CONYERS,,,CORNISH MOUNTAIN,,,,,2025-06-01,2026-06-01,115,New Project,21137,266,Upgrade 750 jumpers at North Conyers and raise the temperature rating of the 636 ACSR conductor on the Conyers - Cornish MTN 115kV line from 100C to 125C.
GPC_19334,Georgia Power,GA,GTC: LAGRANGE - NORTH OPELIKA 230 KV,LAGRANGE,,,NORTH OPELIKA,,,,,2023-06-01,2026-06-01,230,Project advanced from 2027,19334,267,"Build a new Lagrange - North Opelika (APC) 230kV line, 29.4 miles, with 100C ACSR 1351.5 Martin Conductor. GTC will construct the ~15 - mile section from Lagrange to the Metering Station near the Georgia - Alabama border. The Metering Station will be owned by GTC. GPC will construct the short line section from the Metering Station to the GA - AL state line. APC will construct the 230kV line from the GA - AL state line to North Opelika."
GPC_20015,Georgia Power,GA,GTC: MORNING HORNET 2ND 230/115 KV BANK & THUMBS UP 115KV TL,MORNING HORNET,,,,,,,,2024-06-01,2026-06-01,230/115,New Project,20015,268,"GTC to add a second 230/115kV auto transformer at Morning Hornet substation. Also, build an additional 115kV line from Morning Hornet to Thumbs Up, approximately 2.4 miles, using at least 100C 1351 ACSR conductor."
GPC_19999,Georgia Power,GA,GTC: ROBINS SPRING BUS REPLACEMENT,ROBINS SPRING,,,,,,,,2023-06-01,2026-06-01,,New Project,19999,269,GTC: Replace the main 115kV bus 90C ACSR 336.4 Linnet conductor with higher rating.
GPC_20001,Georgia Power,GA,GTC: ROBINS SPRING CAPACITOR BANK INSTALLATION,ROBINS SPRING,,,,,,,,2023-01-01,2026-06-01,,New Project,20001,270,Install a 115kV 2 - stage 22.5MVAR (45MVAR total) capacitor bank at Robins Spring
GPC_19636,Georgia Power,GA,HAMMOND - WEISS DAM 115KV LINE REBUILD,HAMMOND,,,WEISS DAM,,,,,2023-06-01,2026-06-01,115,New Project,19636,271,Rebuild 11.2 miles of Hammond - Weiss Dam 115kV from Hammond to the APC border with 200C 795 ACSS.
GPC_20512,Georgia Power,GA,KATHLEEN AREA IMPROVEMENTS,KATHLEEN,,,,,,,,2024-01-01,2026-06-01,,New Project,20512,272,Rebuild the Kathleen - Big Grocery Creek 230kV line (approximately 1.5 miles). Rebuild the Bonaire Primary - Kathleen 230kV line (approximately 6 miles). Upgrade limiting elements at Kathleen substation.
GPC_19598,Georgia Power,GA,MEAG: DRESDEN - LAGRANGE PRIMARY 230KV UPGRADE & JUMPERS,DRESDEN,,,LAGRANGE PRIMARY,,,,,2024-06-01,2026-06-01,230,New Project,19598,273,MEAG will re-sag the Dresden - LaGrange Primary 230kV line to 125C. Replace the jumpers at Dresden and LaGrange with (2) 1590 AAC jumpers.
GPC_20270,Georgia Power,GA,MEAG: RAY PLACE RD - WASHINGTON #3,RAY PLACE RD,,,WASHINGTON,,,,,2024-01-01,2026-06-01,,New Project,20270,274,Rebuild the Ray Place Rd - Washington 115kV line with 100C 795 ACSR conductor (total 17.4 Miles) between Ray Place Rd and Washington 2. Replace Jumpers and bus at Washington 2.
GPC_20271,Georgia Power,GA,MEAG: RAY PLACE RD - WASHINGTON (WASHINGTON - WASHINGTON 3),RAY PLACE RD,,,WASHINGTON,,,,,2025-06-01,2026-06-01,,New Project,20271,275,MEAG will rebuild the Ray Place Rd - Washington 115kV line with 100C 1351 ACSR conductor (total 1.2 Miles) between Washington and Washington 3. Replace jumpers at Washington.
GPC_18690,Georgia Power,GA,PALMYRA REACTOR REMOVAL,PALMYRA,,,,,,,,2023-05-01,2026-06-01,,Project delayed from 2024 to 2026,18690,276,Remove the 6% reactor at the Palmyra Substation.
GPC_20066,Georgia Power,GA,SAV: BOULEVARD - DEPTFORD 115KV RECONDUCTOR,BOULEVARD,,,DEPTFORD,,,,,2025-06-01,2026-06-01,115,New Project,20066,277,Reconductor the Boulevard - Deptford 115kV line (approximately 8 miles) using 973.1 C7 ACCS (Everglades) conductor. Upgrade main bus and jumpers at Bolton substation from 90C 1590 AAC Coreopsis to 90C (2)1590 AAC Coreopsis or higher rated equipment.
GPC_19966,Georgia Power,GA,SAV: CC - BIG OGEECHEE 500/230KV (CC NETWORK IMPROVEMENTS),CC,,,BIG OGEECHEE,,,,,2023-06-01,2026-06-01,500/230,New Project,19966,278,"Construct a new substation near Little Ogeechee, adjacent to the 500kV and 230kV shared right of way for McCall Road - Thalmann 500kV and the Little Ogeechee - Meldrim 230kV Black and White lines. The new substation will loop in the existing McCall Road - Thalmann 500kV line, the existing Little Ogeechee - Meldrim 230kV lines, and accommodate a new 1344MVA 500/230kV auto transformers with an additional 230kV connection to Little Ogeechee."
GPC_17900,Georgia Power,GA,UNION CITY - YATES 230 KV WHITE LINE REBUILD,UNION CITY,,,YATES WHITE,,,,,2023-06-01,2026-06-01,230,New Project,17900,279,Rebuild 23.4 miles of the Union City - Yates 230kV White line with bundled 1351 ACSS Martin conductor at 200C.
GPC_20691,Georgia Power,GA,UNION CITY - YATES 230KV (WHITE) SWITCH AND TRAP REPLACEMENT,UNION CITY,,,YATES SWITCH AND TRAP,,,,,2024-05-15,2026-06-01,230,New Project,20691,280,Replace the limiting elements at Union City and Yates substations along the Union City - Yates 230kV (White) line.
GPC_20223,Georgia Power,GA,CC - PROJECT PAYTON BAINBRIDGE,CC,,,PROJECT PAYTON BAINBRIDGE,,,,,2024-06-01,2026-06-30,,New Project,20223,281,Split Farley - South Bainbridge 230kV line with a 230kV station (Dothan Road) and bring an 8.5 mile 200C 1351 ACSS 230kV line from Dothan Rd to new customer sub Downrange. Bring another 10mile 200C 1351 ACSS 230kV line from Climax to customer sub Downrange.
GPC_20874,Georgia Power,GA,GTC: BARNESVILLE PRIMARY-BARNESVILLE #1 115KV RECONDUCTOR,BARNESVILLE PRIMARY,,,BARNESVILLE,,,,,2024-06-01,2026-12-01,115,New Project,20874,282,Rebuild approximately 4.53 miles of the Barnesville Primary - Barnesville #1 segment on the Barnesville Primary - Lamar County Industrial 115kV line.
GPC_20273,Georgia Power,GA,GTC: DRESDEN 500KV BUS EXPANSION,DRESDEN,,,,,,,,2024-12-01,2026-12-01,500,New Project,20273,283,GTC will expand the Dresden 500kV bus into a 5 - element ring bus configuration. Loop the O'Hara - Wansley 500kV line into the Dresden 500kV substation and allow for future Dresden - Talbot 500kV line termination.
GPC_20002,Georgia Power,GA,GTC: GORDON - SANDERSVILLE #1 115KV LINE REBUILD,GORDON,,,SANDERSVILLE,,,,,2023-02-01,2026-12-01,115,New Project,20002,284,Rebuild the 1.87 miles of Sandersville #1 - Sandersville #6 line section of the Gordon - Sandersville #1 115kV line from 100C ACSR 336 conductor to 100C ACSR 795 conductor.
GPC_20151,Georgia Power,GA,CC - CASS PINE 230/25 NEW SUB - QCELLS - CC IMPROVEMENTS,CC,,,CASS PINE 230/25,,,,,2024-06-01,2026-12-31,,New Project,20151,285,Build a new 230/25kV 8 element ring bus networked substation named Cass Pine that will interconnect between new Great Valley and Hill View 230kV substations.
GPC_19287,Georgia Power,GA,GRADY-WEST END 115KV REBUILD,GRADY,,,WEST END,,,,,2022-06-01,2026-12-31,115,Project delayed from 2024 to 2026,19287,286,Reconductor the Grady - West End 115kV line (2.6 miles) using 200C 1351 ACSS Martin.
GPC_19363,Georgia Power,GA,MORROW - MOUNTAIN VIEW 115 KV REBUILD,MORROW,,,MOUNTAIN VIEW,,,,,2024-01-01,2026-12-31,115,New Project,19363,287,Rebuild the Mountain View - Barnett Road section of the Morrow - Mountain View 115kV line with 200C 1351 ACSS Martin conductor.
GPC_20509,Georgia Power,GA,CC - EMBLEM RIVERSIDE CUSTOMER SUB (FLEXENTIAL),CC,,,EMBLEM RIVERSIDE,,,,,2025-06-01,2027-03-01,,New Project,20509,288,"A new customer substation, Emblem Riverside, is being built along the Buzzard Roost - Douglasville 230kV line. Moreover, a Fiber ICON ring is being built in the area to help with communications and protection for all customers in the area."
GPC_19635,Georgia Power,GA,GTC: HICKORY LEVEL - VILLA RICA 230KV LINE RECONDUCTOR,HICKORY LEVEL,,,VILLA RICA,,,,,2024-05-01,2027-05-01,230,New Project,19635,289,GTC will reconductor from 100C 1351 ACSR to 160C 1351 ACSS on 8.6 miles of 230kV line. A 2000A line trap at Villa Rica will also be replaced with a 3000A line trap.
GPC_19601,Georgia Power,GA,MORROW - YATES COMMON 115KV LINE UPGRADE,MORROW,,,YATES COMMON,,,,,2024-05-01,2027-05-01,115,New Project,19601,290,"On the Fife - Fairburn SW - Owens Corning Tap sections of the Morrow - Yates Common 115kV line, rebuild approximately 5.8 miles of 50C 477 ACSR with 210C 1334 T13 ACCR Martin or 200C 1351.0 ACSS Martin."
GPC_15879,Georgia Power,GA,POSSUM BRANCH - YATES COMMON 115KV REBUILD (YATES TO CLEM),POSSUM BRANCH,,,YATES COMMON,,,,,2025-06-01,2027-05-01,115,New Project,15879,291,Rebuild 11.2 miles of 100C 477 ACSR with 200C 1334 T13 ACCR Martin or 200C 1351.0 ACSS between Yates Common to Oak Mountain. Replace limiting elements along the line.
GPC_20771,Georgia Power,GA,CC - GULLATT ROAD TRANSMISSION IMPROVEMENTS,CC,,,GULLATT ROAD,,,,,2024-06-01,2027-06-01,,New Project,20771,292,Upstream Transmission improvements to serve a new customer station being built along the Morrow - Yates Common 115kV and Line Creek - Fairburn #2 115kV lines. Rebuild the Morrow - Yates Common 115kV line from Line Creek to the new Gullatt Road customer station. Rebuild the Line Creek - Fairburn #2 115kV line from Line Creek to the new Gullatt Road customer station. Remove the Owens Corning Tap Connection on the Morrow - Yates Common 115kV line and rebuild the line from North Coweta to Str 1. Build new line section from Str 1 to the new Gullatt Road customer station
GPC_18736,Georgia Power,GA,CC - MICROSOFT - SHUGART (CCO06),CC,,,MICROSOFT,,,,,2022-12-31,2027-06-01,,New project,18736,293,"GPC will rebuild the Line Creek 230kV substation as breaker and a half configuration and connect the Morrow - Yates 230kV line and the Union City - Yates 230kV White line into Line Creek. For the Union City - Yates 230kV Black line, terminate the line from the Yates side into Shugart Farms, and the line from the Union City side into Line Creek. Build two short lines from Line Creek to Shugart Farms (0.3 miles each) with 100C 1351 ACSR Martin conductor."
GPC_20781,Georgia Power,GA,CC - SUMMER LAKE - VILLA RICA 230KV REBUILD (CC IMPROVEMENT),CC,,,SUMMER LAKE,,,,,2025-06-01,2027-06-01,230,New Project,20781,294,Rebuild the 2.5 mile section from Villa Rica to the new East Villa Rica Switching station on the Summer Lake - Villa Rica 230kV line with bundled 200C 1351 ACSS Martin.
GPC_20736,Georgia Power,GA,CC - TA REALTY ELLENWOOD NETWORK IMPROVEMENTS,CC,,,TA REALTY ELLENWOOD,,,,,2024-06-01,2027-06-01,,New Project,20736,295,"Rebuild the ~14.9mi Austin Drive - Morrow 115kV with 200C 1351.5 ACSS Martin. At Austin Drive 115kV, replace the 115/230kV auto transformer along with upgrades other limiting elements at the station."
GPC_20234,Georgia Power,GA,DOYLE - LG&E MONROE 230KV - JACKS CREEK LOOP IN,DOYLE,,,LG&E MONROE,,,,,2027-01-03,2027-06-01,230,New Project,20234,296,Loop in and out the new Jack's Creek 230kV switching station into the Doyle - LG&E Monroe 230kV line. This is coordinated with the East Walton Project (TEAMS #09662).
GPC_20858,Georgia Power,GA,GTC: ADAMSVILLE - BUZZARD ROOST 230KV REBUILD,ADAMSVILLE,,,BUZZARD ROOST,,,,,2025-06-01,2027-06-01,230,New Project,20858,297,GTC plans to rebuild 5 miles of line from Buzzard Roost to Boat Rock Road with 200C 1351 ACSS Martin.
GPC_20776,Georgia Power,GA,GTC: DOUGLASVILLE - VILLA RICA 230KV REBUILD (CC IMPROVEMENT),DOUGLASVILLE,,,VILLA RICA,,,,,2025-06-01,2027-06-01,230,New Project,20776,298,Rebuild the 2.5 mile section from Villa to the new East Villa Rica Switching station on the Douglasville - Villa Rica 230kV line with bundled 200C 1351 ACSS Martin.
GPC_20778,Georgia Power,GA,GTC: DOYLE - WINDER PRIMARY 230KV LINE JUMPER REPLACEMENT,DOYLE,,,WINDER PRIMARY,,,,,2025-12-31,2027-06-01,230,New Project,20778,299,Replace the limiting AAC 1033 jumper with AAC 1590 at Doyle on the Doyle - Winder Primary 230kV line.
GPC_19358,Georgia Power,GA,GTC: EAST MOULTRIE - HIGHWAY 112 230 KV LINE,EAST MOULTRIE,,,HIGHWAY 112,,,,,2022-06-01,2027-06-01,230,New Project,19358,300,Build a new 27 miles of 230kV line between HWY 112 and East Moultrie substations with 100C 1351 ACSR conductor.
GPC_09662,Georgia Power,GA,GTC: EAST WALTON 500/230KV PROJECT,EAST WALTON,,,,,,,,2023-06-01,2027-06-01,500/230,Page 131 of 304 New Project,09662,301,"GTC: - Construct the East Walton 500/230kV substation. - Construct the Bostwick 230kV switching station. - Construct the East Walton - Rockville 500kV line (3 - 100C 1113 ACSR). - Construct the Bethabara - East Walton 230kV line (170C 1351.5 ACSS). - Construct the Bostwick - East Walton 230kV line (170C 1351.5 ACSS). - Construct the East Walton - Jack's Creek 230kV line (170C 1351.5 ACSS). - At Bethabara, terminate the East Walton 230kV line. - Loop the East Social Circle - East Watkinsville 230kV line into Bostwick. - Replace line trap at East Watkinsville on the Bostwick 230kV line. GPC: - Construct the Rockville 500kV switching station. - Loop the Scherer - Warthen 500kV line into Rockville. - Loop the Doyle - LG&E Monroe 230kV line into Jack's Creek. MEAG: - Construct the Jack's Creek 230kV switching station."
GPC_20505,Georgia Power,GA,GTC: GARRETT RD - V. RICA 230KV LINE RECONDUCTOR (CC NET IM),GARRETT RD,,,VILLA RICA,,,,,2027-01-01,2027-06-01,230,New Project,20505,303,"GTC will reconductor the section from East Villa Rica Switching station to Garrett Rd with 160C 1351 ACSS on 11.5 miles of the Garrett Road - Villa Rica 230kV line. Additionally, the 2.5 miles section from East Villa Rica Switching Station to Villa Rica will be rebuilt with bundled 200C 1351 ACSS Martin."
GPC_19622,Georgia Power,GA,GTC: RIDDLEVILLE BUS REPLACEMENT,RIDDLEVILLE,,,,,,,,2023-01-09,2027-06-01,,New Project,19622,304,GTC will replace the main 115kV bus at Riddleville substation with higher rating.
GPC_19606,Georgia Power,GA,GTC: SKC 115KV BUS AND JUMPER REPLACEMENT,SKC,,,,,,,,2025-06-01,2027-06-01,115,New Project,19606,305,Replace the 115kV bus and jumpers at SKC substation with higher rated bus and jumpers with rating higher than 255MVA.
GPC_20020,Georgia Power,GA,GTC: SOUTH HAZLEHURST - NEW LACY 230KV LINE,SOUTH HAZLEHURST,,,NEW LACY,,,,,2024-01-15,2027-06-01,230,New Project,20020,306,GTC will build a new 230kV transmission line between South Hazlehurst (bus 2) and New Lacy substation (approximately 25 miles) with 100C ACSR 1351 Martin conductor. Do all the necessary upgrade work to accommodate the additional line in both facilities.
GPC_20506,Georgia Power,GA,GTC: SWITCH WAY - THORNTON ROAD 230KV LINE REBUILD,SWITCH WAY,,,THORNTON ROAD,,,,,2025-01-01,2027-06-01,230,New Project,20506,307,GTC will rebuild the 1.3 mile Switchway - Thornton Rd 230kV line with 200C 1351 ACSS.
GPC_18668,Georgia Power,GA,JESUP - OFFERMAN 115KV REBUILD,JESUP,,,OFFERMAN,,,,,2021-04-06,2027-06-01,115,Project delayed from 2024 to 2027,18668,308,"Rebuild 20 miles of 100C 4/0 ACSR Penguin conductor along the Jesup - Offerman 115kV line, with 100C 795 ACSR Drake conductor."
GPC_10143,Georgia Power,GA,LAWRENCEVILLE - WINDER 115KV LINE REBUILD,LAWRENCEVILLE,,,WINDER,,,,,2026-10-15,2027-06-01,115,New Project,10143,309,Rebuild approximately 1.2 miles of 100C 636 ACSR conductor from Johns Manville to Winder Primary with 200C 795 ACSS conductor.
GPC_10481,Georgia Power,GA,LAWRENCEVILLE - WINDER PRIMARY 230KV LINE REBUILD,LAWRENCEVILLE,,,WINDER PRIMARY,,,,,2024-06-01,2027-06-01,230,New Project,10481,310,"Rebuild the entire Lawrenceville - Winder Primary 230kV line, approximately 15.4 miles, using 200C 1351 ACSS ""Martin"" conductor."
GPC_20264,Georgia Power,GA,MEAG: RAY PLACE RD - WARRENTON PRIMARY,RAY PLACE RD,,,WARRENTON PRIMARY,,,,,2026-01-01,2027-06-01,,New Project,20264,311,Rebuild 10 miles of Ray Place - Warrenton Primary 115kV line with 100C 2 - 1351 ACSR conductor and replace 1590 AAC Coreopsis jumpers at Warrenton.
GPC_19248,Georgia Power,GA,SANDERSVILLE #1 - WADLEY PRI. 115KV REBUILD/RECONDUCTOR,SANDERSVILLE,,,WADLEY PRIMARY,,,,,2022-02-15,2027-06-01,115,New Project,19248,312,Rebuild approximately 24.3 miles of the Sandersville #1 - Wadley Primary 115kV line from 100C 336 ACSR Linnet conductor to 100C 1351 ACSR Drake conductor. Replace limiting elements in substations along the line.
GPC_20785,Georgia Power,GA,SAV: GOSHEN (SAV) - KRAFT 115KV LINE REBUILD,GOSHEN (SAV),,,KRAFT,,,,,2024-06-01,2027-06-01,115,New Project,20785,313,Rebuild 9.3 miles of Goshen - Kraft 115kV line from Kraft - Godley J - Rice Hope from 100C 795 ACSR Drake to 200C 1351 ACSS Martin.
GPC_20065,Georgia Power,GA,SAV: GOSHEN (SAV) - MCINTOSH 115KV LINE REBUILD,GOSHEN (SAV),,,MCINTOSH,,,,,2025-06-01,2027-06-01,115,New Project,20065,314,"Rebuild the Goshen (Savannah) - Georgia Pacific (Rincon) section, approximately 6.7 miles, of the Goshen (Sav) - McIntosh 115kV line using 100C 795 ACSR Drake conductor."
GPC_20717,Georgia Power,GA,CC - TOMOCHICHI 500/230KV SOLUTION (CC NETWORK IMPROVEMENTS),CC,,,TOMOCHICHI,,,,,2024-06-01,2027-07-15,500/230,New Project,20717,315,"Build the new Tomochichi 500/230kV switching station (four element ring bus 500kV high side, four element breaker and a half 230kV low side) splitting the Ohara - Schere 500kV line. Build two new 230kV lines from the new Tomochichi substation to the new Towaliga River 230kV substation."
GPC_18573,Georgia Power,GA,GRID - ARKWRIGHT - LLOYD SHOALS 115KV,GRID,,,ARKWRIGHT,,,,,2021-06-01,2027-07-30,115,Project delayed from 2024 to 2027. Previously listed under TEAMS #12016.,18573,316,Rebuild the Arkwright - Lloyd Shoals 115kV line with 100C 795 ACSR Drake.
GPC_20591,Georgia Power,GA,GTC: EATONTON PRIMARY (035591) - LICK CREEK 115KV REBUILD,EATONTON PRIMARY,,,LICK CREEK,,,,,2023-10-01,2027-12-01,115,New Project,20591,317,Rebuild approximately 7.5 miles Eatonton Primary - Lick Creek 115kV line section with 100C 795 ACSR conductor.
GPC_17977,Georgia Power,GA,ATHENA - EAST WATKINSVILLE 115 KV (REBUILD),ATHENA,,,EAST WATKINSVILLE,,,,,2024-08-01,2027-12-31,115,New Project,17977,318,Rebuild 8.47 miles of the University of Georgia - East Watkinsville line sections on the Athena - East Watkinsville 115kV line with 100C ACSR 1033 conductor.
GPC_20150,Georgia Power,GA,CC - HILL VIEW & GRASSY HOLLOW SUB - CC IMPROVEMENTS,CC,,,HILL VIEW & GRASSY HOLLOW,,,,,2023-06-01,2027-12-31,,New Project,20150,319,Build two 230kV switching stations (Hill View and Grassy Hollow) looping into the Cartersville - McGrau Ford 230kV line (8.5 miles apart). Build two new 230kV lines: Cass Pine - Great Valley and Great Valley - Grassy Hollow (total 10.1 miles) with 200C 1351 ACSS Martin.
GPC_20024,Georgia Power,GA,DYER ROAD - EAST ROANOKE 115KV (REBUILD),DYER ROAD,,,EAST ROANOKE,,,,,2025-06-01,2027-12-31,115,New Project,20024,320,Rebuild 20.7 miles of 75C 397.5 ACSR conductor with advanced conductor from Dyer Road to Wansley tap on the Dyer Road - East Roanoke (APC) 115kV line.
GPC_19997,Georgia Power,GA,AULTMAN ROAD-PERRY 115KV LINE REBUILD,AULTMAN ROAD,,,PERRY,,,,,2025-06-01,2028-06-01,115,New Project,19997,321,Rebuild the PPG J2 - Langston Road line section of the Aultman Road - Perry 115kV line from 100C 336 ACSR Linnet conductor to 200C 1351 ACSS conductor.
GPC_20797,Georgia Power,GA,CC - EAST VILLA RICA AREA SWITCHING STATION (CC IMPROVEMENT),CC,,,EAST VILLA RICA,,,,,2025-06-01,2028-06-01,,New Project,20797,322,Build a 7 rung breaker and a half switching station along the right of way of the (3) 230kV lines about 2.5 miles East of Villa Rica to service recently signed customers in the area. All three lines will terminate into this station.
GPC_20774,Georgia Power,GA,CC - VILLA RICA UPGRADES (CC NETWORK IMPROVEMENTS),CC,,,VILLA RICA,,,,,2026-06-01,2028-06-01,,New Project,20774,323,Loop in the Bowen - Union City line into Villa Rica 500kV bus and add a second 2016 MVA 500/230kV auto transformer. Convert the 230kV side to a 10 element breaker and a half scheme.
GPC_21048,Georgia Power,GA,FITZGERALD - PITTS 115 KV LINE REBUILD,FITZGERALD,,,PITTS,,,,,2025-06-01,2028-06-01,115,New Project,21048,324,Rebuild approximately 26.14 miles of the Fitzgerald - Pitts 115kV line with 200C 1351 ACSS.
GPC_08458,Georgia Power,GA,GTC: BARNESVILLE - SOUTH GRIFFIN 230KV PROJECT,BARNESVILLE,,,SOUTH GRIFFIN,,,,,2026-01-01,2028-06-01,230,New Project,08458,325,"Construct 19 miles of 230kV circuit, on existing ROW, using200C 1351 ACSS conductor from South Griffin 230/115kV substation to the Barnesville 230/69kV substation."
GPC_20503,Georgia Power,GA,GTC: BARNEYVILLE - EAST MOULTRIE 115KV NEW LINE,BARNEYVILLE,,,EAST MOULTRIE,,,,,2025-06-01,2028-06-01,115,New Project,20503,326,Build a new 20 miles of 115kV line with 200C 1351 ACSS from Barneyville to East Moultrie. Add 115kV breakers to Barneyville and East Moultrie substations.
GPC_20873,Georgia Power,GA,GTC: BONAIRE PRIMARY 500/230KV XFMR REPLCMNT & RELAY MOD,BONAIRE PRIMARY,,,,,,,,2024-03-14,2028-06-01,500/230,New Project,20873,327,"Replace 500/230kV, auto transformer C with a new 448 MVA transformer. Replace obsolete relay panels."
GPC_19992,Georgia Power,GA,GTC: BOSTWICK - EAST SOCIAL CIRCLE 230KV RECONDUCTOR,BOSTWICK,,,EAST SOCIAL CIRCLE,,,,,2024-12-31,2028-06-01,230,New Project,19992,328,Reconductor 10.8 miles of the East Social Circle - East Watkinsville 230kV line (up to future Bostwick location) from 1033 ACSR Curlew conductor to 1033 ACCR 200C conductor.
GPC_20777,Georgia Power,GA,JACK MCDONOUGH - NORTHWEST (BLACK) 230KV RECONDUCTOR,JACK MCDONOUGH,,,NORTHWEST,,,,,2025-06-01,2028-06-01,230,New Project,20777,329,Rebuild the Jack McDonough - Northwest (Black) 230kV line (4.59 miles) using 200C 1351 Elbrus/TW.
GPC_19629,Georgia Power,GA,MEAG: BRUMBLEY CREEK - SOUTH BAINBRIDGE 115KV REBUILD,BRUMBLEY CREEK,,,SOUTH BAINBRIDGE,,,,,2024-01-01,2028-06-01,115,New Project,19629,330,Rebuild 2.1 miles segment from line tap into Roddenbery Station on the South Bainbridge - Thomasville 115kV line from 50C ACSR TW 762.8 to 200C 1351 ACSS conductor.
GPC_19630,Georgia Power,GA,MEAG: THOMASVILLE 230/115KV AUTOBANK REPLACEMENT,THOMASVILLE,,,,,,,,2027-06-01,2028-06-01,230/115,New Project,19630,331,Replace the 140MVA 230/115kV auto transformer #4 at Thomasville substation.
GPC_20482,Georgia Power,GA,PITTMAN ROAD - WEST POINT DAM (USA) 115KV REBUILD,PITTMAN ROAD,,,WEST POINT DAM (USA),,,,,2025-06-01,2028-06-01,115,New Project,20482,332,Rebuild 3 miles from the Pittman Road 115kV station to the West Point Dam (USA) 115kV station with 100C 1351 ACSS Martin conductor. Replace AAC 750 jumper at Pittman Road 115kV with (2) 1590 AAC.
GPC_20656,Georgia Power,GA,PLANT YATES BREAKER AND HALF STATION,PLANT YATES,,,,,,,,2024-05-01,2028-06-01,,New Project,20656,333,Rebuild the Yates 6 & 7 substation to a Breaker and a Half configuration.
GPC_20783,Georgia Power,GA,SAV: COLEMAN - DEAN FOREST 115KV LINE REBUILD,COLEMAN,,,DEAN FOREST,,,,,2025-06-01,2028-06-01,115,New Project,20783,334,Rebuild entire line from Coleman to Dean Forest. 6.67 miles of 100C 477 Hawk Conductor with 200C 1351 ACSS Martin conductor.
GPC_20407,Georgia Power,GA,SAV: MAGNOLIA - TRUMAN PARKWAY 115KV REBUILD,MAGNOLIA,,,TRUMAN PARKWAY,,,,,2025-06-01,2028-06-01,115,New Project,20407,335,Rebuild 3 miles of the Magnolia - Truman Parkway 115kV from 75C 927 ACAR to 200C 1351 ACSS Martin conductor or higher rated conductor. Upgrade 1200A switches at Magnolia substation to 2000A switches and jumpers at Truman Parkway.
GPC_21069,Georgia Power,GA,SMART VALVES AT EAST VILLA RICA SWITCHING STATION,EAST VILLA RICA,,,,,,,,2028-06-01,2028-06-01,,New Project,21069,336,Installation of Power Flow Controllers at the new East Villa Rica Switching Station on the Douglasville - Villa Rica 230kV and Summer Lake - Villa Rica 230kV lines. The Power Flow Controllers will be removed when GTCs strategic project at Cavender Drive goes in service.
GPC_20768,Georgia Power,GA,SOUTH MACON 115KV BUSES 1 & 2 REPLACEMENT,SOUTH MACON,,,,,,,,2025-01-15,2028-06-01,115,New Project,20768,337,Replace the 115kV buses 1 and 2 at South Macon with (2) 1590 AAC.
GPC_20274,Georgia Power,GA,UNION CITY - YATES 230KV (BLACK) LINE REBUILD,UNION CITY,,,YATES,,,,,2025-06-01,2028-06-01,230,New Project,20274,338,"Rebuild the Union City - Yates 230kV Black line with bundled 200C 1351 ACSS Martin conductor. Replace limiting elements at Union City, Fairburn #1 and Line Creek substations."
GPC_13166,Georgia Power,GA,FIRST AVENUE - NORTH COLUMBUS 115KV LINE REBUILD,FIRST AVENUE,,,NORTH COLUMBUS,,,,,2028-01-01,2028-12-01,115,New Project,13166,339,Rebuild the 0.9 miles North Columbus - First Avenue 115kV line (currently 75C 657 ACAR) with 200C 1351 ACSS conductor.
GPC_20586,Georgia Power,GA,GTC: NORTH DUBLIN 230/115KV TRANSFORMERS AND BUS-TIE BREAKER,NORTH DUBLIN,,,,,,,,2023-11-01,2028-12-01,230/115,New Project,20586,340,"Replace 230/115kV auto transformers A & B with (2) new 230/115kV, 400 MVA auto transformers. Replace 230kV bus tie breaker with a new 2000A breaker. Replace 115kV bus tie breaker with a new 2000A breaker."
GPC_21062,Georgia Power,GA,ASHLEY PARK-WANSLEY 500KV,ASHLEY PARK,,,WANSLEY,,,,,2024-12-01,2029-06-01,500,New Project,21062,341,"Construct a 500kV line from Ashley Park to Wansley, approximately 35 miles long."
GPC_10222,Georgia Power,GA,BLAKELY PRIMARY - HUCKLEBERRY 115KV REBUILD,BLAKELY PRIMARY,,,HUCKLEBERRY,,,,,2025-06-01,2029-06-01,115,New Project,10222,342,Rebuild the Blakley Primary - Huckleberry 115kV line from 75C 477 ACSR to 200C 1351 ACSS. (13.5 miles) GPC: Replace jumpers at Blakely Primary GTC: Replace jumpers at Blakely and Huckleberry
GPC_21047,Georgia Power,GA,BROADWAY - ECHECONNEE 115 KV LINE REBUILD,BROADWAY,,,ECHECONNEE,,,,,2025-01-01,2029-06-01,115,New Project,21047,343,Rebuild the Griffin Rd – Echeconnee line section of Broadway - Echeconnee line with 200C 1351 ACSS conductor.
GPC_16887,Georgia Power,GA,BUTLER - THOMASTON 230KV LINE CONVERSION,BUTLER,,,THOMASTON,,,,,2025-01-01,2029-06-01,230,New Project,16887,344,Rebuild the radial Thomaston - Butler 115kV line to 230kV network operation. Make all necessary upgrades and accommodations at Butler and Thomaston. Convert the Wesley substation from 115kV to 230kV.
GPC_21036,Georgia Power,GA,BUZZARD ROOST - FACTORY SHOALS 230KV NEW LINE,BUZZARD ROOST,,,FACTORY SHOALS,,,,,2026-06-01,2029-06-01,230,New Project,21036,345,A new 2 mile 230kV line is being built from Buzzard Roost to Factory Shoals with 200C 1351 ACSS Martin conductor.
GPC_21142,Georgia Power,GA,CONYERS - KLONDIKE 230 KV SECOND LINE,CONYERS,,,KLONDIKE,,,,,2026-06-01,2029-06-01,230,New Project,21142,346,Build a new 6.56 mile line from Conyers to Klondike with 200C (2) 1351 ACSS Martin conductor. Build one new 230kV breaker terminal at Conyers and one new 230kV terminal at Klondike.
GPC_21138,Georgia Power,GA,GLENWOOD SPRINGS - PORTERDALE PRIMARY 230KV LINE SWITCH REPL,GLENWOOD SPRINGS,,,PORTERDALE PRIMARY,,,,,2029-06-01,2029-06-01,230,New Project,21138,347,Replace the 600A line switch at Porterdale Primary on the Glenwood Springs - Porterdale Primary 230kV Line with 1200A switch.
GPC_21112,Georgia Power,GA,GTC: BARNESVILLE PRIMARY - THOMASTON 230KV,BARNESVILLE PRIMARY,,,THOMASTON,,,,,2027-06-01,2029-06-01,230,New Project,21112,348,Rebuild Barnesville Primary - Thomaston 230kV line (13.24 miles) with 100C 1351 ACSS; Replace 1200A switches at Barnesville Primary & Thomaston with 3000A switch; replace associated jumper at both stations.
GPC_10814,Georgia Power,GA,GTC: BAY CREEK 230/115KV SECOND AUTO TRANSFORMER,BAY CREEK,,,,,,,,2028-06-01,2029-06-01,230/115,New Project,10814,349,"Install a second 230/115kV, 400 MVA auto transformer at the Bay Creek substation."
GPC_21140,Georgia Power,GA,GTC: BONAIRE PRIMARY - EASTMAN PRIMARY 115 KV LINE REBUILD,BONAIRE PRIMARY,,,EASTMAN PRIMARY,,,,,2026-01-01,2029-06-01,115,New Project,21140,350,Rebuild 41.08 miles of the Bonaire Primary - Eastman Primary 115kV Line using 200C 1351ACSS Martin and upgrade the bus at Roddy substation.
GPC_20849,Georgia Power,GA,GTC: CLIFTONDALE - LINE CREEK 230KV LINE,CLIFTONDALE,,,LINE CREEK,,,,,2026-06-01,2029-06-01,230,New Project,20849,351,An 11.6 mile 230kV line is being built form Cliftondale to Line Creek with 200C 1351 ACSS Martin.
GPC_19950,Georgia Power,GA,GTC: DRESDEN - TALBOT 500KV LINE,DRESDEN,,,TALBOT,,,,,2025-06-01,2029-06-01,500,New Project,19950,352,GTC will build a new 500kV line from Talbot to Dresden (75 miles). This project will create a new Talbot 500/230kV substation with a 500/230kV auto transformers. The low side of the auto transformers will connect to the Talbot County #1 and #2 230kV buses.
GPC_20760,Georgia Power,GA,GTC: HOPEWELL 230/115 KV BANK A,HOPEWELL,,,,,,,,2028-06-01,2029-06-01,230/115,New Project,20760,353,Replace the Hopewell 230/115kV auto transformer with a 400 MVA auto transformer.
GPC_21123,Georgia Power,GA,GTC: TENASKA - WANSLEY 500KV NEW LINE,TENASKA,,,WANSLEY,,,,,2024-12-01,2029-06-01,500,New Project,21123,354,Construct a 5 mile long 500kV line between Tenaska and Wansley. Make all necessary accommodations at the substations for the line termination.
GPC_21141,Georgia Power,GA,LLOYD SHOALS - PORTERDALE PRIMARY 115KV REBUILD,LLOYD SHOALS,,,PORTERDALE PRIMARY,,,,,2026-03-01,2029-06-01,115,New Project,21141,355,Rebuild 15.8 miles of 50C 397.5 ACSR Ibis with 200C 1351 ACSS Martin from Jackson Lake to Lloyd Shoals and Jackson Lake to South. Covington Junction.
GPC_20285,Georgia Power,GA,LOWER RIVER - WEBB (APC) 115KV RECONDUCTOR,LOWER RIVER,,,WEBB,,,,,2025-06-01,2029-06-01,115,New Project,20285,356,Reconductor 0.97 miles of 100C 636 Grosbeak Lower River - Webb 115kV line with 200C 795 ACSS Drake conductor.
GPC_19621,Georgia Power,GA,MCEVER ROAD - SHOAL CREEK 115KV REBUILD,MCEVER ROAD,,,SHOAL CREEK,,,,,2024-12-31,2029-06-01,115,New Project,19621,357,"Rebuild the 636 ACSR (1 mile) of the McEver Road - College Square section, and 2 - 4/0 copper part (2.05 miles) of the College Square to Lakeside WTP B line section, part of the McEver Road - Shoal Creek 115kV line, using 200C 1351 ACSS conductor."
GPC_20346,Georgia Power,GA,MCMANUS - WEST BRUNSWICK 115KV REBUILD,MCMANUS,,,WEST BRUNSWICK,,,,,2026-01-01,2029-06-01,115,New Project,20346,358,"Rebuild the McManus - West Brunswick 115kV line, approximately 5.7 miles, with 200C 1351 ACSS Martin conductor."
GPC_17706,Georgia Power,GA,MEAG: AULTMAN ROAD - FORT VALLEY #1 115 KV REBUILD,AULTMAN ROAD,,,FORT VALLEY,,,,,2026-06-01,2029-06-01,115,New Project,17706,359,Rebuild approximately 8 miles of the Aultman Road - Fort Valley #1 115kV line with 200C 1351 ACSS conductor.
GPC_11051,Georgia Power,GA,MEAG: SLAPPEY DRIVE - WESTOVER 115KV LINE REBUILD,SLAPPEY DRIVE,,,WESTOVER,,,,,2026-06-01,2029-06-01,115,New Project,11051,360,Rebuild 2.92 miles of 100C sagged 477 ACSR Hawk conductor from Slappey Drive to Albany #9 with 1351 ACSR.
GPC_20757,Georgia Power,GA,NORCROSS - NORTH DRUID HILLS 115KV REBUILD,NORCROSS,,,NORTH DRUID HILLS,,,,,2025-01-01,2029-06-01,115,New Project,20757,361,"Rebuild the Norcross - Norcross Junction (674) segment, approximately 3.9 miles, from 100C 477 ACSR Hawk conductor to 200C 1351 ACSS ""Martin"" conductor."
GPC_21006,Georgia Power,GA,SAV: BOULEVARD - MAGNOLIA 115 KV LINE REBUILD,BOULEVARD,,,MAGNOLIA,,,,,2027-01-01,2029-06-01,115,New Project,21006,362,Rebuild the entire line from Boulevard to Magnolia (4.56 miles) from 100C 795 ACSR Drake to 200C 1351 ACSS Martin
GPC_21023,Georgia Power,GA,SAV: DEAN FOREST - LITTLE OGEECHEE 230 KV REBUILD,DEAN FOREST,,,LITTLE OGEECHEE,,,,,2026-01-01,2029-06-01,230,New Project,21023,363,"Rebuild the entire line from Little Ogeechee - Salt Creek and Salt Creek - Dean Forest, approximately 8 miles, using 200C 1351 ACSS/Martin. Upgrade jumpers at the Little Ogeechee terminal."
GPC_20989,Georgia Power,GA,SAV: RICE HOPE NEW AUTO TRANSFORMER,RICE HOPE,,,,,,,,2025-06-01,2029-06-01,,New Project,20989,364,Install a new 230/115kV 400MVA auto transformer at Rice Hope and loop in the Crossgate - McIntosh 230kV line.
GPC_13628,Georgia Power,GA,SOUTH BAINBRIDGE - SINAI (FPL) 115KV LINE RECONDUCTOR,SOUTH BAINBRIDGE,,,SINAI,,,,,2025-06-01,2029-06-01,115,New Project,13628,365,Rebuild the Four Mile tap - Recovery - Sinai (FPL) segment of the Sinai (FPL) - South Bainbridge 115kV line from 100C 336.4 ACSR to 200C 1351 ACSS. 9.8 miles in FPL and 13.75 miles in GPC At Recovery (GTC): Replace 100C 336.4 ACSR string bus with higher rating and jumpers with (1) 1590 AAC At Sinai (FPL): Replace 100C 336.4 ACSR string bus with higher rating
GPC_20248,Georgia Power,GA,BAY CREEK - CONYERS 230KV REBUILD,BAY CREEK,,,CONYERS,,,,,2031-06-01,2029-12-31,230,New Project,20248,366,"GPC will rebuild the Bay Creek - Conyers 230kV line, approximately 15.29 miles, using 200C 1351 ACSS ""Martin"" conductor."
GPC_21129,Georgia Power,GA,ANNISTON - HAMMOND 230KV LINE,ANNISTON,,,HAMMOND,,,,,2025-06-01,2030-06-01,230,New Project,21129,367,Rebuild the 28.12 miles section between Hammond and the Goshen tap with 200C 1351 ACSS Martin conductor.
GPC_20764,Georgia Power,GA,ATKINSON - NORTHSIDE DRIVE 115KV REBUILD,ATKINSON,,,NORTHSIDE DRIVE,,,,,2027-06-01,2030-06-01,115,New Project,20764,368,"Rebuild a portion of the Atkinson - Northside 115kV line, approximately 3.2 miles from Atkinson to Chattahoochee with 200C 1351 ACSS Martin."
GPC_20761,Georgia Power,GA,ATKINSON - NORTHWEST 115KV REBUILD,ATKINSON,,,NORTHWEST,,,,,2027-06-01,2030-06-01,115,New Project,20761,369,Rebuild the 1.2 mile Atkinson - Tilford Yards section of the Atkinson - Northwest 115kV with 200C 1351 ACSS Martin.
GPC_21130,Georgia Power,GA,CC - NORTH GEORGIA DATA NETWORK UPGRADES,CC,,,NORTH GEORGIA DATA,,,,,2026-06-01,2030-06-01,,New project,21130,370,Construct approximately 7 miles of 115kV line with minimum 170C 1351 ACSS conductor from Gillsville Tap Junction to Midway. Utilize the existing GPC owned North Jackson - Lawrence Smith 46kV ROW that is to be retired. Disconnect the East Maysville 115kV tap at Midway 115kV and terminate the new Pond Fork - Midway 115kV line.
GPC_10478,Georgia Power,GA,CORNELIA - TALLULAH LODGE 115KV REBUILD,CORNELIA,,,TALLULAH LODGE,,,,,2027-06-01,2030-06-01,115,New Project,10478,371,Rebuild approximately 9.7 miles of the Cornelia - Chase Road - Clarksville - Hollywood segments of the Cornelia - Tallulah Lodge 115kV line with 200C 795 ACSS conductor.
GPC_18669,Georgia Power,GA,DU: DAWSON CROSSING - NELSON (WHITE) 115 KV REBUILD,DAWSON CROSSING,,,NELSON,,,,,2024-12-31,2030-06-01,115,Project delayed from 2028 to 2030,18669,372,Rebuild approximately 15.7 miles of the Dawson Crossing - Etowah - Reavis Mountain - Nelson sections of the Dawson Crossing - Nelson (White) 115kV line with 1351 ACSS conductor. GPC will make any necessary relaying changes at Dawson Crossing.
GPC_21097,Georgia Power,GA,EAST POINT - TRIBUTARY 230KV REBUILD,EAST POINT,,,TRIBUTARY,,,,,2027-06-01,2030-06-01,230,New Project,21097,373,Rebuild the 2.9 mile section from Cavender Drive to Marietta 25 with 200C 1351 ACSS conductor on the East Point - Tributary 230kV line.
GPC_20480,Georgia Power,GA,EAST POINT - UNION CITY 230KV BLACK LINE RECONDUCTOR,EAST POINT,,,UNION CITY BLACK,,,,,2028-06-01,2030-06-01,230,New Project,20480,374,Reconductor the 1.5 mile section from Flat Shoals Road station to the Stonewall Tell loop - in point on the East Point - Union City 230kV Black line with 200C 1351 ACSS Martin conductor. Replace limiting elements at Union City
GPC_19627,Georgia Power,GA,ECHECONNEE-WELLSTON 115KV LINE REBUILD,ECHECONNEE,,,WELLSTON,,,,,2023-06-01,2030-06-01,115,New Project,19627,375,Rebuild approximately 11.8 miles of the Echeconnee - Wellston 115kV line with 200C 1351 ACSS conductor and the limiting elements along the line with higher ratings. Replace the Bus at North Warner Robins with 1590 AAC.
GPC_21063,Georgia Power,GA,FARLEY (APC)-TAZEWELL 500KV,FARLEY -TAZEWELL,,,,,,,,2024-12-01,2030-06-01,500,New Project,21063,376,"Construct a new 500kV line from Farley (APC) to Tazewell substation, approximately 120 miles long. Construct a 5 breaker 500kV ring bus to loop in the Blacksmith - Talbot 500kV line, terminate the new Farley - Tazewell 500kV and Talbot #2 - Tazewell 500kV lines. Install a 500/230kV auto transformer to connect to the existing 230kV switchyard."
GPC_12120,Georgia Power,GA,GAINESVILLE #2 - MCEVER ROAD 115 KV REBUILD,GAINESVILLE,,,MCEVER ROAD,,,,,2025-12-31,2030-06-01,115,New Project,12120,377,Rebuild approximately 5.3 miles of the Gainesville #2 - McEver Rd 115kV line with 200C 1351 ACSS conductor.
GPC_20298,Georgia Power,GA,GLENWOOD SPRINGS - LAKE OCONEE 115KV LINE REBUILD,GLENWOOD SPRINGS,,,LAKE OCONEE,,,,,2027-06-01,2030-06-01,115,New Project,20298,378,Rebuild the North Eatonton Junction - Putnam Sawmill Junction line with 200C 1351 ACSS conductor.
GPC_21128,Georgia Power,GA,GOAT ROCK REACTORS INSTALLATION,GOAT ROCK,,,,,,,,2028-06-01,2030-06-01,,New Project,21128,379,Install 1% series reactors on the Fortson - Goat Rock (Black) 230kV and Fortson - Goat Rock (White) 230kV.
GPC_19996,Georgia Power,GA,GOLDENS CREEK - WARRENTON PRIMARY 230KV REBUILD,GOLDENS CREEK,,,WARRENTON PRIMARY,,,,,2028-06-01,2030-06-01,230,New Project,19996,380,Rebuild approximately 0.34 miles of the Goldens Creek - Warrenton Primary 230kV line from 100C 1 - 1351.5 ACSR Martin conductor to 200C 1351 ACCR Martin conductor or equivalent.
GPC_20428,Georgia Power,GA,GORDON-SANDERSVILLE #1 115KV LINE REBUILD (DEEPSTEP-SAND #6),GORDON,,,SANDERSVILLE,,,,,2023-12-01,2030-06-01,115,New Project,20428,381,"Rebuild the Deepstep - Robins Spring (7.6 miles) Robins Spring - Kaolin J (2.23mi), and Kaolin J - Sandersville #6 (0.66 miles) line sections of the Gordon - Sandersville #1 115kV line. Rebuild a total of 10.49 miles from 100C 336 ACSR to 100C ACSR 795 conductor."
GPC_21116,Georgia Power,GA,GOSHEN AREA STRATEGIC SOLUTION,GOSHEN,,,,,,,,2025-06-01,2030-06-01,,New Project,21116,382,"Construct a 230kV switching station on the Waynesboro - Wilson 230kV line and a new 230kV line between the switching station and Goshen, approximately 12.3 miles. Provides an alternate power flow path into Goshen outside of the existing constrained Goshen - Vogtle corridor."
GPC_21073,Georgia Power,GA,GTC: BIG SMARR - TOMOCHICHI 500KV,BIG SMARR,,,TOMOCHICHI,,,,,2024-12-01,2030-06-01,500,New Project,21073,383,"Construct a 500kV line from Big Smarr to Tomochichi, approximately 36 miles long. Make the necessary modifications at Big Smarr and Tomochichi to add breakers and terminate the line."
GPC_21014,Georgia Power,GA,GTC: BUZZARD ROOST - CAVENDER DRIVE 230KV NEW LINE,BUZZARD ROOST,,,CAVENDER DRIVE,,,,,2026-06-01,2030-06-01,230,New Project,21014,384,GTC is building a new 7 mile 230kV line from Cavender Drive to Buzzard Roost with 200C 1351 ACSS Martin.
GPC_21013,Georgia Power,GA,GTC: CAVENDER DRIVE 500/230KV AUTOBANK,CAVENDER DRIVE,,,,,,,,2026-06-01,2030-06-01,500/230,New Project,21013,385,"GTC will turn Cavender Drive into a 500/230kV station looping in the Villa Rica - Union City 500kV line, installing a 2016 MVA auto transformer."
GPC_20375,Georgia Power,GA,GTC: EAST WATKINSVILLE 230 KV STATION MODIFICATION,EAST WATKINSVILLE,,,,,,,,2028-06-01,2030-06-01,230,New Project,20375,386,Replace the 1600A reactors at East Watkinsville on the Russell Dam 230kV line with larger size.
GPC_21131,Georgia Power,GA,GTC: POND FORK - MIDWAY 115KV LINE,POND FORK,,,MIDWAY,,,,,2026-06-01,2030-06-01,115,New project,21131,387,"GTC: Construct approximately 6 miles of 115kV line with minimum 170C 1351 ACSS conductor from Gillsville Tap Junction to Pond Fork, utilizing the existing GTC owned portion of the North Jackson - Lawrence Smith 46kV ROW. At Pond Fork, install a second 230/115kV 400MVA auto transformer and terminate the Pond Fork - Midway 115kV line."
GPC_21077,Georgia Power,GA,GTC: ROCKVILLE - TIGER CREEK -WARTHEN 500KV LINES,ROCKVILLE,,,TIGER CREEK -WARTHEN LINES,,,,,2024-12-01,2030-06-01,500,New project,21077,388,"Build the new 500kV line from Rockville to Tiger Creek and Tiger Creek to Warthen, approximately 20 miles and 9 miles long respectively. Build a 500kV yard at Tiger Creek and install a 500/230kV auto transformer. Make all necessary accommodations at Warthen and Rockville for the new 500kV breakers."
GPC_21076,Georgia Power,GA,GTC: TALBOT #2 - TAZEWELL 500KV LINE,TALBOT,,,TAZEWELL,,,,,2024-12-01,2030-06-01,500,New Project,21076,389,"Build a new 500kV line from Tazewell to Talbot #2, approximately 20 miles. Make all necessary accommodations at Tazewell and Talbot #2 for the new 500kV breakers and line termination."
GPC_21094,Georgia Power,GA,GTC: TIGER CREEK-ROCKVILLE-NORTH SPA 230KV PROJECT,TIGER CREEK,,,ROCKVILLE,,,,,2025-01-01,2030-06-01,230,New Project,21094,390,Build a new 4 - breaker 230kV ring bus at Rockville substation (no auto transformer to be added at this time). Loop in the Eatonton Primary #2 - Wallace Dam 230kV line. Build a new line 230kV line to Tiger Creek. Build a new 230kV line to North Spa.
GPC_20789,Georgia Power,GA,JEFFERSON ROAD - WINDER PRIMARY 115KV REBUILD,JEFFERSON ROAD,,,WINDER PRIMARY,,,,,2025-06-01,2030-06-01,115,New Project,20789,391,Rebuild approximately 11 miles of the Jefferson Road - Russell - Richardson Street Junction segments of the Jefferson Road - Winder Primary 115kV line with 200C 1351 ACSS Martin conductor.
GPC_20284,Georgia Power,GA,KETTLE CREEK PRIMARY - PINE GROVE PRIMARY 115KV REBUILD,KETTLE CREEK PRIMARY,,,PINE GROVE PRIMARY,,,,,2026-06-02,2030-06-01,115,New Project,20284,392,Rebuild approximately 38.04 miles of 50C 4/0 ACSR conductor from the Pine Grove to the Pearson tap using 200C 1351 ACSS conductor.
GPC_21118,Georgia Power,GA,MEAG: ATHENA - WARRENTON 230KV CONVERSION,ATHENA,,,WARRENTON,,,,,2025-06-01,2030-06-01,230,New Project,21118,393,"Reconductor/rebuild and convert the 115kV lines from Athena - Union Point - Ray Place Road - Warrenton Primary to 230kV operation. Expand Athena 230kV bus for new line termination, construct 230kV bus at Union Point, and expand 230kV bus at Warrenton Primary for new line termination. Install 230/115kV auto transformers at Union Point Primary and Ray Place Road. Replace limiting network equipment at substations along the line."
GPC_20857,Georgia Power,GA,NEW CAVENDER DRIVE - TRIBUTARY 230KV LINE,NEW CAVENDER DRIVE,,,TRIBUTARY,,,,,2026-06-01,2030-06-01,230,New Project,20857,394,Build a new 4 mile 230kV line from Cavender Drive to Tributary with 200C 1351 ACSS Martin.
GPC_21093,Georgia Power,GA,NORTH SPA 230KV STRATEGIC PROJECT,NORTH SPA,,,,,,,,2025-01-01,2030-06-01,230,New Project,21093,395,This project includes the following scope of work: Build a new 230kV switching station north of Oasis in a ring bus configuration with 4 - breakers. Loop in the East Social Circle - Oasis (White) 230kV line. Build a new 230kV line to Cornish Mountain from North Spa. New 230kV line from Rockville 230kV will terminate in this station.
GPC_19995,Georgia Power,GA,TALLULAH LODGE - TOCCOA 115 KV REBUILD,TALLULAH LODGE,,,TOCCOA,,,,,2025-12-31,2030-06-01,115,New Project,19995,396,Rebuild the Tallulah Lodge - Toccoa 115kV Line with 100C 795 ACSR conductor (total of 10.3 miles). Replace limiting elements at Tallulah Lodge and Toccoa.
GPC_21098,Georgia Power,GA,TRIBUTARY - THORNTON RD 230KV REBUILD,TRIBUTARY,,,THORNTON RD,,,,,2027-06-01,2030-06-01,230,New Project,21098,397,Rebuild the 2.8 mile Tributary - Thornton Road 230kV line with 200C 1351 ACSS Martin.
GPC_20160,Georgia Power,GA,THOMASTON 230 NEW BUILD SUB,THOMASTON 230,,,,,,,,2026-01-01,2030-11-01,,New Project,20160,398,Replace Thomaston 230/115kV 285MVA auto transformers C and D with 400MVA auto transformers. Install high side breakers to meet the 230kV bus differential standards and redesign 230kV bus to a breaker and a half configuration.
GPC_18848,Georgia Power,GA,"BAINBRIDGE TRANSMISSION: EAST RIVER ROAD, EAST BAINBRIDGE",BAINBRIDGE,,,,,,,,2023-06-01,2030-12-31,,New Project,18848,399,"This project will construct a new 115kV breaker and a half substation a mile north of the East Bainbridge substation. East Bainbridge will be simplified to a 115kV straight bus with two transmission lines for service to load, a generation interconnection point and a capacitor bank."
GPC_19626,Georgia Power,GA,GLENWOOD SPRINGS 115KV CAP BANK,GLENWOOD SPRINGS,,,,,,,,2028-01-01,2030-12-31,115,New Project,19626,400,Install a 115kV two stage 30MVAR capacitor bank at Glenwood Springs substation.
GPC_20690,Georgia Power,GA,EAST POINT - UNION CITY (WHITE) 230KV REBUILD,EAST POINT,,,UNION CITY,,,,,2028-06-01,2031-05-01,230,New Project,20690,401,Rebuild 5.49 miles of 100C 1590.0 ACSR Lapwing with 200C 1351.5 ACSS Martin 230kV line from Welcome All to Union City on the East Point - Union City 230kV line.
GPC_19632,Georgia Power,GA,AVERY - HOPEWELL 115KV RECONDUCTOR,AVERY,,,HOPEWELL,,,,,2028-01-01,2031-06-01,115,New Project,19632,402,Reconductor the Hopewell to Birmingham line section (approximately 3.3 miles) on the Avery - Hopewell 115kV line with 100C 1033 ACSR conductor. Replace jumper at Birmingham with 1590 AAC jumper.
GPC_10811,Georgia Power,GA,BOWEN #10 500/230KV AUTOBANK REPLACEMENT,BOWEN,,,,,,,,2025-06-01,2031-06-01,500/230,New Project,10811,403,Replace the existing Bowen #10 1350 MVA 500/230kV auto transformer with a 2016 MVA 500/230kV auto transformer.
GPC_20756,Georgia Power,GA,HATCH - WADLEY 500 KV LINE STRATEGIC PROJECT,HATCH,,,WADLEY,,,,,2024-07-03,2031-06-01,500,New Project,20756,404,Construct a new 500kV line from Hatch - Wadley Primary.
GPC_21099,Georgia Power,GA,MEAG: PIO NONO 230/115KV AREA SOLUTION,PIO NONO,,,,,,,,2025-01-01,2031-06-01,230/115,New Project,21099,405,"Build a 4 - breaker 230kV ring bus to terminate lines from Dorsett, South Griffin, and Big Grocery. Install a 400MVA auto transformer and build a 115kV yard to terminate a line from Broadway. Make all necessary modifications to accommodate all the 230kV and 115kV lines terminations."
GPC_21114,Georgia Power,GA,MEAG: SOUTH GRIFFIN 230/115KV BANK #5,SOUTH GRIFFIN,,,,,,,,2030-06-01,2032-06-01,230/115,New Project,21114,406,Replace 230/115kV 285MVA auto transformer #5 with 230/115kV 400MVA auto transformer at South Griffin.
GPC_20784,Georgia Power,GA,SAV: COLEMAN - MELDRIM 115KV LINE REBUILD,COLEMAN,,,MELDRIM,,,,,2029-06-01,2032-06-01,115,New Project,20784,407,Rebuild 3 miles of the Coleman - Meldrim 115kV line from Four Lakes to Meldrim with 200C 1351 ACSS.
GPC_20767,Georgia Power,GA,ARKWRIGHT BUS AND JUMPER REPLACEMENT,ARKWRIGHT,,,,,,,,2029-06-01,2033-06-01,,New Project,20767,408,Replace the 115kV bus at Arkwright with higher rating and replace the jumper on the Arkwright - Forrest Rd (Macon) 115kV line with at least 1590AAC.
GPC_20758,Georgia Power,GA,BAY CREEK - CONYERS 230KV LIMITING ELEMENT REPLACEMENT,BAY CREEK,,,CONYERS,,,,,2031-06-01,2033-06-01,230,New Project,20758,409,"Replace equipment such as jumpers, switches, and traps at the Bay Creek, Rockdale, and Conyers substations with equipment capable of carrying 3000A."
GPC_20793,Georgia Power,GA,EVANS PRIMARY - THURMOND DAM (USA) #5 115KV REBUILD,EVANS PRIMARY,,,THURMOND DAM (USA) #5,,,,,2029-06-01,2033-06-01,115,New Project,20793,410,Rebuild approximately 5.45 miles of Euchee Creek - Thurmond Dam segment of the Evans Primary - Thurmond Dam (USA) #5 115kV line with 200C 1351 ACSS Martin conductor. Replace the main bus with a larger element at Thurmond Dam (USA).
GPC_20794,Georgia Power,GA,EVANS PRIMARY - THURMOND DAM (USA) #6 115KV REBUILD,EVANS PRIMARY,,,THURMOND DAM (USA) #6,,,,,2030-06-01,2033-06-01,115,New Project,20794,411,Rebuild approximately 8.9 miles of the Evans Primary - Thurmond Dam (USA) #6 115kV line with 200C 1351 ACSS Martin conductor. Replace the main bus with a larger element at Thurmond Dam (USA).
GPC_12217,Georgia Power,GA,GTC: CENTER PRIMARY - CLARKSBORO 230 KV REBUILD,CENTER PRIMARY,,,CLARKSBORO,,,,,2028-06-01,2033-06-01,230,New Project,12217,412,GTC to rebuild the Center Primary – Clarksboro Primary 230kV line (approx. 8.3 miles) with 200C 1351 ACSS conductor.
GPC_20773,Georgia Power,GA,GTC: CLARKSBORO - WINDER PRIMARY 230KV REBUILD,CLARKSBORO,,,WINDER PRIMARY,,,,,2029-06-01,2033-06-01,230,New Project,20773,413,Rebuild approximately 14 miles of the Clarksboro - Winder 230kV line with 200C 1351 ACSS conductor.
GPC_12147,Georgia Power,GA,GTC: EAST SOCIAL CIRCLE - SNELLVILLE 230KV EQUIPMENT UPGRADE,EAST SOCIAL CIRCLE,,,SNELLVILLE,,,,,2030-06-01,2033-06-01,230,New Project,12147,414,"Replace the 1200A switches at Snellville Primary with 3000A. Also, replace the 1200A line trap and switches at East Social Circle with 3000A on the East Social Circle - Snellville 230kV line."
GPC_21075,Georgia Power,GA,GTC: EAST WALTON - MIDDLE FORK 500KV,EAST WALTON,,,MIDDLE FORK,,,,,2024-12-01,2033-06-01,500,New Project,21075,415,"Construct a new 500kV line from East Walton to Middle Fork, approximately 45 miles long. Make all necessary accommodations for new 500kV breakers at East Walton and Middle Fork substations."
GPC_20791,Georgia Power,GA,GTC: SHOAL CREEK - SOUTH HALL 230KV REBUILD,SHOAL CREEK,,,SOUTH HALL,,,,,2029-06-01,2033-06-01,230,New Project,20791,416,"Rebuild approximately 7.9 miles of South Hall - Chestnut Mountain - Spout Springs Road segments of the Shoal Creek - South Hall 230kV line with 200C 1351 ACSS conductor. Also, replace 1 - AAC 1590 jumpers at South Hall with 2 - AAC 1590."
GPC_21053,Georgia Power,GA,MCEVER ROAD - SHOAL CREEK 115KV REBUILD,MCEVER ROAD,,,SHOAL CREEK,,,,,2030-06-01,2033-06-01,115,New Project,21053,417,"Rebuild the 2 - 4/0 copper part (approximately 2.9 miles) of the Gainesville Ferry - Lakeside WTP A line section, part of the McEver Road - Shoal Creek 115kV line, using 200C 1351 ACSS conductor."
GPC_09661,Georgia Power,GA,MCGRAU FORD - MIDDLE FORK 500KV LINE PROJECT,MCGRAU FORD,,,MIDDLE FORK,,,,,2026-06-01,2033-06-01,500,New Project,09661,418,Construct a new approximately 64 mile 500kV line from McGrau Ford to Middle Fork.
GPC_20796,Georgia Power,GA,SAV: MELDRIM BANK D REPLACEMENT,MELDRIM,,,,,,,,2030-06-01,2033-06-01,,New Project,20796,419,Replace 300 MVA 230/115kV Bank D with 400 MVA Bank.
GPC_14222,Georgia Power,GA,THOMSON PRIMARY 230/115KV SECOND TRANSFORMER,THOMSON PRIMARY,,,,,,,,2025-08-01,2033-06-01,230/115,New Project,14222,420,"Install a second 400 MVA, 230/115kV auto transformer at Thomson Primary substation."
GPC_20759,Georgia Power,GA,WINDER PRIMARY 230KV BUS 1-2 PARALLEL BUS-TIE INSTALLATION,WINDER PRIMARY,,,,,,,,2031-06-01,2033-06-01,230,New Project,20759,421,Install a 2nd 230kV bus - tie breaker at the Winder Primary Station.
GPC_10487,Georgia Power,GA,PINE GROVE PRIMARY - WEST VALDOSTA 115 KV RECONDUCTOR,PINE GROVE PRIMARY,,,WEST VALDOSTA,,,,,2029-12-31,2033-12-31,115,New Project,10487,422,Rebuild 3.7 miles of 100C 4/0 ACSR conductor with 200C 795 ACSS Drake on the Bemis - Pine Grove Primary section of the Pine Grove Primary - West Valdosta 115kV line.
GPC_18700,Georgia Power,GA,DAWSON CROSSING - GAINESVILLE #1 115 KV,DAWSON CROSSING,,,GAINESVILLE,,,,,2032-06-01,2034-06-01,115,New Project,18700,423,"Replace the 500CU main bus at Gainesville #1 115kV with 3"" Sch 40 AL Tube."
GPC_20787,Georgia Power,GA,SAV: LITTLE OGEECHEE 230/115KV BANK REPLACEMENT,LITTLE OGEECHEE,,,,,,,,2030-06-01,2034-06-01,230/115,New Project,20787,424,Replace SATX 280MVA auto transformer with 400MVA auto transformer.
GPC_17993,Georgia Power,GA,EVANS PRIMARY - THOMSON PRIMARY 115KV REBUILD,EVANS PRIMARY,,,THOMSON PRIMARY,,,,,2031-01-01,2034-12-31,115,New Project,17993,425,"Rebuild the existing 100C 336 ACSR conductor for the Thomson Primary to Pumpkin Center 115kV line section (approximately 5.28 miles), part of the Evans Primary - Thomson Primary 115kV line with 200C 1351 ACSS Martin conductor."
