overlap_id,distance_mi,time_gap (day),utility_a,project_id_a,project_name_a,utility_b,project_id_b,project_name_b,rank,closest_km,tier,tier_label,can_share,build_overlap_days,window_gap_days,score,needs_location_check,source_page_a,source_page_b
OVL_1,4.21,152,Dominion Energy South Carolina,DESC_23,Jasper – Okatie 230 kV #2: Construct,Georgia Power,GPC_20277,SAV: MCINTOSH - PURRYSBURG 230KV REACTORS,1,0.94,2,Under 1.6 km,"Can share the land itself: right-of-way, access roads, permits",730,0,84.8,False,23,227
OVL_2,9.89,72,Dominion Energy South Carolina,DESC_35,Urquhart – Toolebeck 115kV line: Rebuild,Georgia Power,GPC_16007,FENWICK STREET - SAND BAR FERRY 115KV (RECONDUCTOR/REBUILD),2,2.095,3,Under 8 km,"Can share site logistics: laydown yards, deliveries",1247,0,66.8,True,35,261
OVL_3,3.91,3074,Dominion Energy South Carolina,DESC_31,Hooks - Thurmond 115kV Tie: Rebuild,Georgia Power,GPC_20793,EVANS PRIMARY - THURMOND DAM (USA) #5 115KV REBUILD,3,0.0,1,Touching / crossing,"Must coordinate: outage timing, crossing structures",0,1613,65.0,False,31,410
OVL_4,3.91,3074,Dominion Energy South Carolina,DESC_31,Hooks - Thurmond 115kV Tie: Rebuild,Georgia Power,GPC_20794,EVANS PRIMARY - THURMOND DAM (USA) #6 115KV REBUILD,4,0.0,1,Touching / crossing,"Must coordinate: outage timing, crossing structures",0,1978,65.0,False,31,411
OVL_5,7.36,517,Dominion Energy South Carolina,DESC_23,Jasper – Okatie 230 kV #2: Construct,Georgia Power,GPC_20065,SAV: GOSHEN (SAV) - MCINTOSH 115KV LINE REBUILD,5,4.808,3,Under 8 km,"Can share site logistics: laydown yards, deliveries",213,0,61.6,False,23,314
OVL_6,9.29,883,Dominion Energy South Carolina,DESC_43,Urquhart – Aiken PSA 46 kV: Rebuild,Georgia Power,GPC_21116,GOSHEN AREA STRATEGIC SOLUTION,6,14.947,4,Under 40 km,Can share crews and equipment,364,0,60.7,False,43,382
OVL_7,13.12,365,Dominion Energy South Carolina,DESC_10,Okatie-Bluffton 115kV: Rebuild,Georgia Power,GPC_20277,SAV: MCINTOSH - PURRYSBURG 230KV REACTORS,7,9.305,4,Under 40 km,Can share crews and equipment,517,0,56.3,False,10,227
OVL_8,18.08,0,Dominion Energy South Carolina,DESC_10,Okatie-Bluffton 115kV: Rebuild,Georgia Power,GPC_20067,SAV: DEPTFORD - MAGNOLIA 115KV RECONDUCTOR,8,25.689,4,Under 40 km,Can share crews and equipment,882,0,55.3,False,10,245
OVL_9,7.03,517,Dominion Energy South Carolina,DESC_3,"Okatie 230-115kV Substation, Jasper – Yemassee 230kV #1 Fold-in",Georgia Power,GPC_20277,SAV: MCINTOSH - PURRYSBURG 230KV REACTORS,9,9.305,4,Under 40 km,Can share crews and equipment,365,0,54.8,False,3,227
OVL_10,13.16,517,Dominion Energy South Carolina,DESC_14,Stevens Creek - Hooks 115kV/LR Plumb Branch 46kV Rebuilds,Georgia Power,GPC_16007,FENWICK STREET - SAND BAR FERRY 115KV (RECONDUCTOR/REBUILD),10,10.711,4,Under 40 km,Can share crews and equipment,730,0,53.4,True,14,261
OVL_11,13.16,152,Dominion Energy South Carolina,DESC_15,Stevens Creek - Hooks 115kV/LR Plumb Branch 46kV,Georgia Power,GPC_16007,FENWICK STREET - SAND BAR FERRY 115KV (RECONDUCTOR/REBUILD),11,10.711,4,Under 40 km,Can share crews and equipment,730,0,53.4,True,15,261
OVL_12,20.07,152,Dominion Energy South Carolina,DESC_3,"Okatie 230-115kV Substation, Jasper – Yemassee 230kV #1 Fold-in",Georgia Power,GPC_20067,SAV: DEPTFORD - MAGNOLIA 115KV RECONDUCTOR,12,29.719,4,Under 40 km,Can share crews and equipment,730,0,53.2,False,3,245
OVL_13,20.85,213,Dominion Energy South Carolina,DESC_23,Jasper – Okatie 230 kV #2: Construct,Georgia Power,GPC_20067,SAV: DEPTFORD - MAGNOLIA 115KV RECONDUCTOR,13,29.719,4,Under 40 km,Can share crews and equipment,882,0,53.2,False,23,245
OVL_14,11.75,517,Dominion Energy South Carolina,DESC_23,Jasper – Okatie 230 kV #2: Construct,Georgia Power,GPC_20785,SAV: GOSHEN (SAV) - KRAFT 115KV LINE REBUILD,14,14.642,4,Under 40 km,Can share crews and equipment,578,0,52.6,False,23,313
OVL_15,8.21,152,Dominion Energy South Carolina,DESC_22,Riverport Tap: Construct Tap,Georgia Power,GPC_20277,SAV: MCINTOSH - PURRYSBURG 230KV REACTORS,15,9.305,4,Under 40 km,Can share crews and equipment,730,0,51.5,True,22,227
OVL_16,15.76,213,Dominion Energy South Carolina,DESC_22,Riverport Tap: Construct Tap,Georgia Power,GPC_20067,SAV: DEPTFORD - MAGNOLIA 115KV RECONDUCTOR,16,16.273,4,Under 40 km,Can share crews and equipment,882,0,51.0,True,22,245
OVL_17,16.43,1389,Dominion Energy South Carolina,DESC_35,Urquhart – Toolebeck 115kV line: Rebuild,Georgia Power,GPC_21116,GOSHEN AREA STRATEGIC SOLUTION,17,14.947,4,Under 40 km,Can share crews and equipment,437,0,49.0,False,35,382
OVL_18,14.95,730,Dominion Energy South Carolina,DESC_10,Okatie-Bluffton 115kV: Rebuild,Georgia Power,GPC_20785,SAV: GOSHEN (SAV) - KRAFT 115KV LINE REBUILD,18,19.136,4,Under 40 km,Can share crews and equipment,365,0,48.3,False,10,313
OVL_19,3.55,578,Dominion Energy South Carolina,DESC_43,Urquhart – Aiken PSA 46 kV: Rebuild,Georgia Power,GPC_16007,FENWICK STREET - SAND BAR FERRY 115KV (RECONDUCTOR/REBUILD),19,2.095,3,Under 8 km,"Can share site logistics: laydown yards, deliveries",0,214,48.3,True,43,261
OVL_20,18.44,517,Dominion Energy South Carolina,DESC_31,Hooks - Thurmond 115kV Tie: Rebuild,Georgia Power,GPC_16007,FENWICK STREET - SAND BAR FERRY 115KV (RECONDUCTOR/REBUILD),20,24.997,4,Under 40 km,Can share crews and equipment,730,0,47.3,True,31,261
OVL_21,8.85,517,Dominion Energy South Carolina,DESC_22,Riverport Tap: Construct Tap,Georgia Power,GPC_20785,SAV: GOSHEN (SAV) - KRAFT 115KV LINE REBUILD,21,9.133,4,Under 40 km,Can share crews and equipment,578,0,47.1,True,22,313
OVL_22,12.63,882,Dominion Energy South Carolina,DESC_3,"Okatie 230-115kV Substation, Jasper – Yemassee 230kV #1 Fold-in",Georgia Power,GPC_20785,SAV: GOSHEN (SAV) - KRAFT 115KV LINE REBUILD,22,19.136,4,Under 40 km,Can share crews and equipment,213,0,46.2,False,3,313
OVL_23,21.74,0,Dominion Energy South Carolina,DESC_22,Riverport Tap: Construct Tap,Georgia Power,GPC_17075,SAV: LITTLE OGEECHEE 230-115KV: RELAY MODERNIZATION,23,28.217,4,Under 40 km,Can share crews and equipment,1095,0,45.9,True,22,216
OVL_24,20.23,152,Dominion Energy South Carolina,DESC_23,Jasper – Okatie 230 kV #2: Construct,Georgia Power,GPC_20066,SAV: BOULEVARD - DEPTFORD 115KV RECONDUCTOR,24,29.719,4,Under 40 km,Can share crews and equipment,213,0,45.9,False,23,277
OVL_25,25.56,250,Dominion Energy South Carolina,DESC_23,Jasper – Okatie 230 kV #2: Construct,Georgia Power,GPC_19523,SAV: CC - HYUNDAI MOTORS SAVANNAH AKA. PROJECT EA,25,38.187,4,Under 40 km,Can share crews and equipment,845,0,45.4,False,23,231
OVL_26,15.3,152,Dominion Energy South Carolina,DESC_22,Riverport Tap: Construct Tap,Georgia Power,GPC_20066,SAV: BOULEVARD - DEPTFORD 115KV RECONDUCTOR,26,16.273,4,Under 40 km,Can share crews and equipment,213,0,44.8,True,22,277
OVL_27,14.61,730,Dominion Energy South Carolina,DESC_10,Okatie-Bluffton 115kV: Rebuild,Georgia Power,GPC_20065,SAV: GOSHEN (SAV) - MCINTOSH 115KV LINE REBUILD,27,13.553,4,Under 40 km,Can share crews and equipment,0,0,43.9,False,10,314
OVL_28,21.74,152,Dominion Energy South Carolina,DESC_22,Riverport Tap: Construct Tap,Georgia Power,GPC_19966,SAV: CC - BIG OGEECHEE 500/230KV (CC NETWORK IMPROVEMENTS),28,28.217,4,Under 40 km,Can share crews and equipment,944,0,43.8,True,22,278
OVL_29,4.45,3074,Dominion Energy South Carolina,DESC_14,Stevens Creek - Hooks 115kV/LR Plumb Branch 46kV Rebuilds,Georgia Power,GPC_20793,EVANS PRIMARY - THURMOND DAM (USA) #5 115KV REBUILD,29,3.241,3,Under 8 km,"Can share site logistics: laydown yards, deliveries",0,1613,42.2,False,14,410
OVL_30,4.45,3074,Dominion Energy South Carolina,DESC_14,Stevens Creek - Hooks 115kV/LR Plumb Branch 46kV Rebuilds,Georgia Power,GPC_20794,EVANS PRIMARY - THURMOND DAM (USA) #6 115KV REBUILD,30,3.241,3,Under 8 km,"Can share site logistics: laydown yards, deliveries",0,1978,42.2,False,14,411
OVL_31,4.45,2709,Dominion Energy South Carolina,DESC_15,Stevens Creek - Hooks 115kV/LR Plumb Branch 46kV,Georgia Power,GPC_20793,EVANS PRIMARY - THURMOND DAM (USA) #5 115KV REBUILD,31,3.241,3,Under 8 km,"Can share site logistics: laydown yards, deliveries",0,1248,42.2,False,15,410
OVL_32,4.45,2709,Dominion Energy South Carolina,DESC_15,Stevens Creek - Hooks 115kV/LR Plumb Branch 46kV,Georgia Power,GPC_20794,EVANS PRIMARY - THURMOND DAM (USA) #6 115KV REBUILD,32,3.241,3,Under 8 km,"Can share site logistics: laydown yards, deliveries",0,1613,42.2,False,15,411
OVL_33,21.01,1613,Dominion Energy South Carolina,DESC_15,Stevens Creek - Hooks 115kV/LR Plumb Branch 46kV,Georgia Power,GPC_21116,GOSHEN AREA STRATEGIC SOLUTION,33,27.495,4,Under 40 km,Can share crews and equipment,213,0,42.0,False,15,382
OVL_34,8.29,517,Dominion Energy South Carolina,DESC_22,Riverport Tap: Construct Tap,Georgia Power,GPC_20065,SAV: GOSHEN (SAV) - MCINTOSH 115KV LINE REBUILD,34,13.234,4,Under 40 km,Can share crews and equipment,213,0,41.8,True,22,314
OVL_35,9.61,882,Dominion Energy South Carolina,DESC_3,"Okatie 230-115kV Substation, Jasper – Yemassee 230kV #1 Fold-in",Georgia Power,GPC_20065,SAV: GOSHEN (SAV) - MCINTOSH 115KV LINE REBUILD,35,13.553,4,Under 40 km,Can share crews and equipment,0,152,40.3,False,3,314
OVL_36,24.88,250,Dominion Energy South Carolina,DESC_22,Riverport Tap: Construct Tap,Georgia Power,GPC_19523,SAV: CC - HYUNDAI MOTORS SAVANNAH AKA. PROJECT EA,36,36.578,4,Under 40 km,Can share crews and equipment,845,0,39.3,True,22,231
OVL_37,18.91,883,Dominion Energy South Carolina,DESC_23,Jasper – Okatie 230 kV #2: Construct,Georgia Power,GPC_20783,SAV: COLEMAN - DEAN FOREST 115KV LINE REBUILD,37,29.565,4,Under 40 km,Can share crews and equipment,213,0,39.2,False,23,334
OVL_38,29.85,152,Dominion Energy South Carolina,DESC_7,Burton-St Helena 115kV: Frogmore Distribution - St Helena,Georgia Power,GPC_20277,SAV: MCINTOSH - PURRYSBURG 230KV REACTORS,38,38.429,4,Under 40 km,Can share crews and equipment,730,0,38.9,True,7,227
OVL_39,15.17,883,Dominion Energy South Carolina,DESC_22,Riverport Tap: Construct Tap,Georgia Power,GPC_20783,SAV: COLEMAN - DEAN FOREST 115KV LINE REBUILD,39,17.746,4,Under 40 km,Can share crews and equipment,213,0,38.4,True,22,334
OVL_40,20.79,2709,Dominion Energy South Carolina,DESC_15,Stevens Creek - Hooks 115kV/LR Plumb Branch 46kV,Georgia Power,GPC_14222,THOMSON PRIMARY 230/115KV SECOND TRANSFORMER,40,32.65,4,Under 40 km,Can share crews and equipment,152,0,37.9,False,15,420
OVL_41,16.72,883,Dominion Energy South Carolina,DESC_22,Riverport Tap: Construct Tap,Georgia Power,GPC_20407,SAV: MAGNOLIA - TRUMAN PARKWAY 115KV REBUILD,41,19.012,4,Under 40 km,Can share crews and equipment,213,0,37.9,True,22,335
OVL_42,18.27,365,Dominion Energy South Carolina,DESC_10,Okatie-Bluffton 115kV: Rebuild,Georgia Power,GPC_20066,SAV: BOULEVARD - DEPTFORD 115KV RECONDUCTOR,42,25.689,4,Under 40 km,Can share crews and equipment,0,0,37.8,False,10,277
OVL_43,18.49,1248,Dominion Energy South Carolina,DESC_22,Riverport Tap: Construct Tap,Georgia Power,GPC_21023,SAV: DEAN FOREST - LITTLE OGEECHEE 230 KV REBUILD,43,17.746,4,Under 40 km,Can share crews and equipment,0,1,35.5,True,22,363
OVL_44,20.25,1096,Dominion Energy South Carolina,DESC_10,Okatie-Bluffton 115kV: Rebuild,Georgia Power,GPC_20783,SAV: COLEMAN - DEAN FOREST 115KV LINE REBUILD,44,31.084,4,Under 40 km,Can share crews and equipment,0,0,35.0,False,10,334
OVL_45,22.42,1248,Dominion Energy South Carolina,DESC_23,Jasper – Okatie 230 kV #2: Construct,Georgia Power,GPC_21023,SAV: DEAN FOREST - LITTLE OGEECHEE 230 KV REBUILD,45,31.009,4,Under 40 km,Can share crews and equipment,0,1,35.0,False,23,363
OVL_46,29.85,517,Dominion Energy South Carolina,DESC_6,Burton-St Helena 115kV: Rebuild Burton-Frogmore Transmission Section,Georgia Power,GPC_20277,SAV: MCINTOSH - PURRYSBURG 230KV REACTORS,46,38.429,4,Under 40 km,Can share crews and equipment,365,0,34.0,True,6,227
OVL_47,21.01,1978,Dominion Energy South Carolina,DESC_14,Stevens Creek - Hooks 115kV/LR Plumb Branch 46kV Rebuilds,Georgia Power,GPC_21116,GOSHEN AREA STRATEGIC SOLUTION,47,27.495,4,Under 40 km,Can share crews and equipment,0,152,33.2,False,14,382
OVL_48,19.69,517,Dominion Energy South Carolina,DESC_3,"Okatie 230-115kV Substation, Jasper – Yemassee 230kV #1 Fold-in",Georgia Power,GPC_20066,SAV: BOULEVARD - DEPTFORD 115KV RECONDUCTOR,48,29.719,4,Under 40 km,Can share crews and equipment,0,152,32.1,False,3,277
OVL_49,21.76,883,Dominion Energy South Carolina,DESC_23,Jasper – Okatie 230 kV #2: Construct,Georgia Power,GPC_20407,SAV: MAGNOLIA - TRUMAN PARKWAY 115KV REBUILD,49,32.833,4,Under 40 km,Can share crews and equipment,213,0,31.9,True,23,335
OVL_50,19.38,1248,Dominion Energy South Carolina,DESC_3,"Okatie 230-115kV Substation, Jasper – Yemassee 230kV #1 Fold-in",Georgia Power,GPC_20783,SAV: COLEMAN - DEAN FOREST 115KV LINE REBUILD,50,31.084,4,Under 40 km,Can share crews and equipment,0,152,31.4,False,3,334
OVL_51,19.2,1096,Dominion Energy South Carolina,DESC_10,Okatie-Bluffton 115kV: Rebuild,Georgia Power,GPC_20407,SAV: MAGNOLIA - TRUMAN PARKWAY 115KV REBUILD,51,29.365,4,Under 40 km,Can share crews and equipment,0,0,30.5,True,10,335
OVL_52,19.62,3074,Dominion Energy South Carolina,DESC_31,Hooks - Thurmond 115kV Tie: Rebuild,Georgia Power,GPC_14222,THOMSON PRIMARY 230/115KV SECOND TRANSFORMER,52,30.573,4,Under 40 km,Can share crews and equipment,0,213,30.2,False,31,420
OVL_53,23.19,1461,Dominion Energy South Carolina,DESC_10,Okatie-Bluffton 115kV: Rebuild,Georgia Power,GPC_21023,SAV: DEAN FOREST - LITTLE OGEECHEE 230 KV REBUILD,53,31.339,4,Under 40 km,Can share crews and equipment,0,214,29.8,False,10,363
OVL_54,20.79,3074,Dominion Energy South Carolina,DESC_14,Stevens Creek - Hooks 115kV/LR Plumb Branch 46kV Rebuilds,Georgia Power,GPC_14222,THOMSON PRIMARY 230/115KV SECOND TRANSFORMER,54,32.65,4,Under 40 km,Can share crews and equipment,0,213,29.1,False,14,420
OVL_55,13.16,3652,Dominion Energy South Carolina,DESC_14,Stevens Creek - Hooks 115kV/LR Plumb Branch 46kV Rebuilds,Georgia Power,GPC_17993,EVANS PRIMARY - THOMSON PRIMARY 115KV REBUILD,55,9.284,4,Under 40 km,Can share crews and equipment,0,2192,28.6,False,14,425
OVL_56,13.16,3287,Dominion Energy South Carolina,DESC_15,Stevens Creek - Hooks 115kV/LR Plumb Branch 46kV,Georgia Power,GPC_17993,EVANS PRIMARY - THOMSON PRIMARY 115KV REBUILD,56,9.284,4,Under 40 km,Can share crews and equipment,0,1827,28.6,False,15,425
OVL_57,17.0,1248,Dominion Energy South Carolina,DESC_22,Riverport Tap: Construct Tap,Georgia Power,GPC_21006,SAV: BOULEVARD - MAGNOLIA 115 KV LINE REBUILD,57,19.987,4,Under 40 km,Can share crews and equipment,0,366,27.1,True,22,362
OVL_58,12.82,3652,Dominion Energy South Carolina,DESC_31,Hooks - Thurmond 115kV Tie: Rebuild,Georgia Power,GPC_17993,EVANS PRIMARY - THOMSON PRIMARY 115KV REBUILD,58,12.574,4,Under 40 km,Can share crews and equipment,0,2192,26.9,False,31,425
OVL_59,22.78,1613,Dominion Energy South Carolina,DESC_3,"Okatie 230-115kV Substation, Jasper – Yemassee 230kV #1 Fold-in",Georgia Power,GPC_21023,SAV: DEAN FOREST - LITTLE OGEECHEE 230 KV REBUILD,59,31.47,4,Under 40 km,Can share crews and equipment,0,366,26.1,False,3,363
OVL_60,21.06,1248,Dominion Energy South Carolina,DESC_3,"Okatie 230-115kV Substation, Jasper – Yemassee 230kV #1 Fold-in",Georgia Power,GPC_20407,SAV: MAGNOLIA - TRUMAN PARKWAY 115KV REBUILD,60,32.833,4,Under 40 km,Can share crews and equipment,0,152,25.9,True,3,335
OVL_61,21.83,1248,Dominion Energy South Carolina,DESC_23,Jasper – Okatie 230 kV #2: Construct,Georgia Power,GPC_21006,SAV: BOULEVARD - MAGNOLIA 115 KV LINE REBUILD,61,34.192,4,Under 40 km,Can share crews and equipment,0,366,24.7,False,23,362
OVL_62,19.58,1979,Dominion Energy South Carolina,DESC_43,Urquhart – Aiken PSA 46 kV: Rebuild,Georgia Power,GPC_20793,EVANS PRIMARY - THURMOND DAM (USA) #5 115KV REBUILD,62,27.021,4,Under 40 km,Can share crews and equipment,0,518,24.7,False,43,410
OVL_63,20.15,1461,Dominion Energy South Carolina,DESC_10,Okatie-Bluffton 115kV: Rebuild,Georgia Power,GPC_21006,SAV: BOULEVARD - MAGNOLIA 115 KV LINE REBUILD,63,31.746,4,Under 40 km,Can share crews and equipment,0,579,20.8,False,10,362
OVL_64,17.25,2344,Dominion Energy South Carolina,DESC_22,Riverport Tap: Construct Tap,Georgia Power,GPC_20784,SAV: COLEMAN - MELDRIM 115KV LINE REBUILD,64,18.302,4,Under 40 km,Can share crews and equipment,0,1248,20.4,True,22,407
OVL_65,24.06,2485,Dominion Energy South Carolina,DESC_35,Urquhart – Toolebeck 115kV line: Rebuild,Georgia Power,GPC_20793,EVANS PRIMARY - THURMOND DAM (USA) #5 115KV REBUILD,65,27.021,4,Under 40 km,Can share crews and equipment,0,1024,19.6,False,35,410
OVL_66,24.06,2485,Dominion Energy South Carolina,DESC_35,Urquhart – Toolebeck 115kV line: Rebuild,Georgia Power,GPC_20794,EVANS PRIMARY - THURMOND DAM (USA) #6 115KV REBUILD,66,27.021,4,Under 40 km,Can share crews and equipment,0,1389,19.6,False,35,411
OVL_67,28.95,3063,Dominion Energy South Carolina,DESC_35,Urquhart – Toolebeck 115kV line: Rebuild,Georgia Power,GPC_17993,EVANS PRIMARY - THOMSON PRIMARY 115KV REBUILD,67,27.021,4,Under 40 km,Can share crews and equipment,0,1603,19.6,False,35,425
OVL_68,19.58,1979,Dominion Energy South Carolina,DESC_43,Urquhart – Aiken PSA 46 kV: Rebuild,Georgia Power,GPC_20794,EVANS PRIMARY - THURMOND DAM (USA) #6 115KV REBUILD,68,27.021,4,Under 40 km,Can share crews and equipment,0,883,19.6,False,43,411
OVL_69,22.49,2557,Dominion Energy South Carolina,DESC_43,Urquhart – Aiken PSA 46 kV: Rebuild,Georgia Power,GPC_17993,EVANS PRIMARY - THOMSON PRIMARY 115KV REBUILD,69,27.021,4,Under 40 km,Can share crews and equipment,0,1097,19.6,False,43,425
OVL_70,19.61,2344,Dominion Energy South Carolina,DESC_23,Jasper – Okatie 230 kV #2: Construct,Georgia Power,GPC_20784,SAV: COLEMAN - MELDRIM 115KV LINE REBUILD,70,29.532,4,Under 40 km,Can share crews and equipment,0,1248,18.3,False,23,407
OVL_71,20.87,2709,Dominion Energy South Carolina,DESC_3,"Okatie 230-115kV Substation, Jasper – Yemassee 230kV #1 Fold-in",Georgia Power,GPC_20784,SAV: COLEMAN - MELDRIM 115KV LINE REBUILD,71,31.084,4,Under 40 km,Can share crews and equipment,0,1613,17.5,False,3,407
OVL_72,23.27,2557,Dominion Energy South Carolina,DESC_10,Okatie-Bluffton 115kV: Rebuild,Georgia Power,GPC_20784,SAV: COLEMAN - MELDRIM 115KV LINE REBUILD,72,31.084,4,Under 40 km,Can share crews and equipment,0,1461,17.5,False,10,407
OVL_73,21.48,2709,Dominion Energy South Carolina,DESC_23,Jasper – Okatie 230 kV #2: Construct,Georgia Power,GPC_20796,SAV: MELDRIM BANK D REPLACEMENT,73,32.237,4,Under 40 km,Can share crews and equipment,0,1613,16.9,False,23,419
OVL_74,20.08,2709,Dominion Energy South Carolina,DESC_22,Riverport Tap: Construct Tap,Georgia Power,GPC_20796,SAV: MELDRIM BANK D REPLACEMENT,74,28.227,4,Under 40 km,Can share crews and equipment,0,1613,16.1,True,22,419
OVL_75,21.74,3074,Dominion Energy South Carolina,DESC_22,Riverport Tap: Construct Tap,Georgia Power,GPC_20787,SAV: LITTLE OGEECHEE 230/115KV BANK REPLACEMENT,75,28.217,4,Under 40 km,Can share crews and equipment,0,1613,16.1,True,22,424
OVL_76,21.41,1613,Dominion Energy South Carolina,DESC_3,"Okatie 230-115kV Substation, Jasper – Yemassee 230kV #1 Fold-in",Georgia Power,GPC_21006,SAV: BOULEVARD - MAGNOLIA 115 KV LINE REBUILD,76,34.192,4,Under 40 km,Can share crews and equipment,0,731,15.9,False,3,362
OVL_77,23.18,3074,Dominion Energy South Carolina,DESC_3,"Okatie 230-115kV Substation, Jasper – Yemassee 230kV #1 Fold-in",Georgia Power,GPC_20796,SAV: MELDRIM BANK D REPLACEMENT,77,37.305,4,Under 40 km,Can share crews and equipment,0,1978,14.4,False,3,419
OVL_78,26.42,2922,Dominion Energy South Carolina,DESC_10,Okatie-Bluffton 115kV: Rebuild,Georgia Power,GPC_20796,SAV: MELDRIM BANK D REPLACEMENT,78,37.305,4,Under 40 km,Can share crews and equipment,0,1826,14.4,False,10,419
