project_id,utility,state,project_name,name_a,lat_a,lon_a,name_b,lat_b,lon_b,lat_center,lon_center,start_date,in_service_date,location_confidence,source_page
DESC_1,Dominion Energy South Carolina,SC,Queensboro - Ft Johnson 115 kV & Queensboro-Bayfront 115kV (Queensboro-James Island Sect),Queensboro,32.722793,-79.967332,Ft Johnson,,,32.722793,-79.967332,,2023-12-31,medium,1
DESC_2,Dominion Energy South Carolina,SC,Union Pier 115-13.8 kV Sub: Tap,Union Pier,32.784336,-79.925588,,,,32.784336,-79.925588,,2027-12-31,low,2
DESC_3,Dominion Energy South Carolina,SC,"Okatie 230-115kV Substation, Jasper – Yemassee 230kV #1 Fold-in",Okatie,32.333758,-81.032495,,,,32.333758,-81.032495,,2024-12-31,high,3
DESC_4,Dominion Energy South Carolina,SC,Cainhoy - Hamlin 115kV: Rebuild Line and Cainhoy – Hamlin 115 kV #2: Construct New 115 kV Line,Cainhoy,32.941402,-79.842276,Hamlin,32.859937,-79.788441,32.900669,-79.815358,,2025-12-01,high,4
DESC_5,Dominion Energy South Carolina,SC,Eastover - Square D 115kV: Rebuild,Eastover,34.739385,-79.462656,Square D,,,34.739385,-79.462656,,2024-06-01,medium,5
DESC_6,Dominion Energy South Carolina,SC,Burton-St Helena 115kV: Rebuild Burton-Frogmore Transmission Section,Burton,32.436488,-80.721016,St Helena,32.386861,-80.560662,32.411675,-80.640839,,2024-12-31,low,6
DESC_7,Dominion Energy South Carolina,SC,Burton-St Helena 115kV: Frogmore Distribution - St Helena,Burton,32.436488,-80.721016,St Helena,32.386861,-80.560662,32.411675,-80.640839,,2025-12-31,low,7
DESC_8,Dominion Energy South Carolina,SC,VCS1-Denny Terrace 230kV & VCS1-Pineland 230kV: Rebuild Single Circuit Sections,VCS1,34.296,-81.3149,Denny Terrace,34.057609,-81.061561,34.176805,-81.188231,,2026-12-31,high,8
DESC_9,Dominion Energy South Carolina,SC,Wateree-Killian 230kV: Rebuild,Wateree,33.821307,-80.628422,Killian,34.136939,-80.936987,33.979123,-80.782705,,2028-12-31,low,9
DESC_10,Dominion Energy South Carolina,SC,Okatie-Bluffton 115kV: Rebuild,Okatie,32.333758,-81.032495,Bluffton,32.235027,-80.853384,32.284393,-80.942939,,2025-06-01,high,10
DESC_11,Dominion Energy South Carolina,SC,Hopkins-CIP 230kV: Rebuild,Hopkins,33.904321,-80.877034,CIP,,,33.904321,-80.877034,,2025-12-31,low,11
DESC_12,Dominion Energy South Carolina,SC,Faber Place-Bayfront 115kV: Rebuild North Bridge Terrace to Bayfront Section,Faber Place,32.85008,-80.014624,Bayfront,32.742122,-79.963424,32.796101,-79.989024,,2028-12-31,low,12
DESC_13,Dominion Energy South Carolina,SC,Square D - Hopkins 115kV: Rebuild,Square D,,,Hopkins,33.904321,-80.877034,33.904321,-80.877034,,2024-09-30,low,13
DESC_14,Dominion Energy South Carolina,SC,Stevens Creek - Hooks 115kV/LR Plumb Branch 46kV Rebuilds,Stevens Creek,33.562599,-82.051362,Hooks,33.65682,-82.15948,33.60971,-82.105421,,2024-12-31,medium,14
DESC_15,Dominion Energy South Carolina,SC,Stevens Creek - Hooks 115kV/LR Plumb Branch 46kV,Stevens Creek,33.562599,-82.051362,Hooks,33.65682,-82.15948,33.60971,-82.105421,,2025-12-31,medium,15
DESC_16,Dominion Energy South Carolina,SC,"Edenwood Sub: #1 & #2 230-115kV Autobanks, Replace with 336MVA",Edenwood,33.953765,-81.059815,,,,33.953765,-81.059815,,2024-12-25,low,16
DESC_18,Dominion Energy South Carolina,SC,Harleyville 115KV Transmission Tap – Construct (1.4 miles),Harleyville,33.209907,-80.451166,,,,33.209907,-80.451166,,2027-03-31,high,18
DESC_19,Dominion Energy South Carolina,SC,Summerville: Replace and Spare 230-115kV 336MVA Auto Bank,Summerville,32.98737,-80.220832,,,,32.98737,-80.220832,,2024-12-31,medium,19
DESC_20,Dominion Energy South Carolina,SC,Canadys-Ritter 115KV-Rebld SPDC 230/115KV 1272 (Approx 18 Miles),Canadys,33.064096,-80.6206,Ritter,32.78962,-80.630382,32.926858,-80.625491,,2026-06-01,low,20
DESC_21,Dominion Energy South Carolina,SC,Yemassee– Ritter 230kV #1 & #2: Construct SPDC with B-1272,Yemassee,32.697426,-80.863793,Ritter,32.78962,-80.630382,32.743523,-80.747088,,2026-06-01,low,21
DESC_22,Dominion Energy South Carolina,SC,Riverport Tap: Construct Tap,Okatie,32.333758,-81.032495,Riverport,32.211321,-81.075835,32.27254,-81.054165,,2025-12-31,low,22
DESC_23,Dominion Energy South Carolina,SC,Jasper – Okatie 230 kV #2: Construct,Jasper,32.35912,-81.1246,Okatie,32.333758,-81.032495,32.346439,-81.078547,,2025-12-31,high,23
DESC_24,Dominion Energy South Carolina,SC,Wagener 115kV Tap: Construct Tap,Wagener,33.650112,-81.360566,,,,33.650112,-81.360566,,2025-12-31,high,24
DESC_25,Dominion Energy South Carolina,SC,Church Creek - Ritter 230kV - Replace 38 Large Angles and Dead Ends,Church Creek,32.83032,-80.070279,Ritter,32.78962,-80.630382,32.80997,-80.350331,,2024-06-01,low,25
DESC_26,Dominion Energy South Carolina,SC,VCS2-Ward 230kV: Rebuild Line,VCS2,34.296,-81.3149,Ward,33.87218,-81.697723,34.08409,-81.506311,,2029-12-31,medium,26
DESC_27,Dominion Energy South Carolina,SC,Goose Creek Reservoir: Rebuild Transmission Line Crossings,Goose Creek Reservoir,32.95333,-80.025163,,,,32.95333,-80.025163,,2024-12-31,low,27
DESC_28,Dominion Energy South Carolina,SC,Summerville 115kV Loop: Rebuild,Summerville,32.98737,-80.220832,,,,32.98737,-80.220832,,2024-12-31,medium,28
DESC_29,Dominion Energy South Carolina,SC,St George - Sumter 230kV Tie: Rebuild Line from Santee Substation - Duke/Progress Energy Tie,St George,33.199388,-80.592009,Sumter,33.897661,-80.323976,33.548525,-80.457992,,2025-12-31,high,29
DESC_30,Dominion Energy South Carolina,SC,Coit – Gills Creek 115kV: Construct,Coit,,,Gills Creek,33.916284,-80.990121,33.916284,-80.990121,,2024-12-31,low,30
DESC_31,Dominion Energy South Carolina,SC,Hooks - Thurmond 115kV Tie: Rebuild,Hooks,33.65682,-82.15948,Thurmond,33.660127,-82.195931,33.658474,-82.177705,,2024-12-31,medium,31
DESC_32,Dominion Energy South Carolina,SC,Batesburg - Saluda County 115kV: Rebuild,Batesburg,33.913487,-81.564435,Saluda County,34.053434,-81.216834,33.98346,-81.390635,,2025-12-31,medium,32
DESC_34,Dominion Energy South Carolina,SC,Dawson 230kV Sub and Fold-in: Construct and Rebuild,Dawson,33.226834,-79.655349,,,,33.226834,-79.655349,,2026-10-01,low,34
DESC_35,Dominion Energy South Carolina,SC,Urquhart – Toolebeck 115kV line: Rebuild,Urquhart,33.433378,-81.909209,Toolebeck,33.534632,-81.669327,33.484005,-81.789268,,2026-08-12,high,35
DESC_36,Dominion Energy South Carolina,SC,Williams-Summerville 230kV: Upgrade to SPDC B1272 ACSR,Williams,33.017699,-79.932168,Summerville,32.98737,-80.220832,33.002534,-80.0765,,2027-05-01,medium,36
DESC_37,Dominion Energy South Carolina,SC,Cainhoy 115 kV Tap: Construct,Cainhoy,32.941402,-79.842276,,,,32.941402,-79.842276,,2027-12-31,high,37
DESC_38,Dominion Energy South Carolina,SC,Jack Primus 115 kV Tap: Construct,Jack Primus,32.919384,-79.904495,,,,32.919384,-79.904495,,2027-12-31,high,38
DESC_39,Dominion Energy South Carolina,SC,Church Creek – Faber Place – Charleston Transmission: Add 230kV Line,Church Creek,32.83032,-80.070279,Faber Place,32.85008,-80.014624,32.8402,-80.042452,,2027-05-01,high,39
DESC_40,Dominion Energy South Carolina,SC,Eastover – Sumter 115kV DEP Tie: Rebuild with 1272 ACSR,Eastover,33.886495,-80.640356,Sumter,33.897661,-80.323976,33.892078,-80.482166,,2026-05-31,medium,40
DESC_41,Dominion Energy South Carolina,SC,Cameron Jct – Elloree 46 kV Rebuild,Cameron Jct,33.563666,-80.708996,Elloree,33.532384,-80.579724,33.548025,-80.64436,,2026-12-31,medium,41
DESC_42,Dominion Energy South Carolina,SC,Elloree – Santee City 46 kV: Rebuild,Elloree,33.532384,-80.579724,Santee City,33.423414,-80.125292,33.477899,-80.352508,,2027-12-31,high,42
DESC_43,Dominion Energy South Carolina,SC,Urquhart – Aiken PSA 46 kV: Rebuild,Urquhart,33.433378,-81.909209,Aiken PSA,,,33.433378,-81.909209,,2027-12-31,medium,43
DESC_44,Dominion Energy South Carolina,SC,Cameron Jct – Cameron – St Matthews 46 kV Rebuild,Cameron Jct,33.563666,-80.708996,Cameron,33.563666,-80.708996,33.563666,-80.708996,,2028-12-31,medium,44
GPC_21046,Georgia Power,GA,THALMANN AND COLERAIN 23O KV LINE RELAY PANEL UPGRADES,THALMANN,31.293459,-81.680781,COLERAIN,30.833011,-81.900667,31.063235,-81.790724,2024-12-01,2025-06-01,low,214
GPC_20326,Georgia Power,GA,ANTHONY SHOALS STATCOM SYSTEM,ANTHONY SHOALS,34.001832,-82.636279,,,,34.001832,-82.636279,2023-08-04,2025-12-31,high,215
GPC_17075,Georgia Power,GA,SAV: LITTLE OGEECHEE 230-115KV: RELAY MODERNIZATION,LITTLE OGEECHEE,32.006786,-81.253151,,,,32.006786,-81.253151,2022-06-01,2025-12-31,high,216
GPC_20491,Georgia Power,GA,EAST POINT RELAY MODERNIZATION,EAST POINT,33.67635,-84.462966,,,,33.67635,-84.462966,2024-01-01,2026-06-01,high,217
GPC_20474,Georgia Power,GA,GRADY 230/115KV RELAY MODERNIZATION,GRADY,32.995328,-83.563564,,,,32.995328,-83.563564,2024-01-01,2026-06-01,low,218
GPC_20490,Georgia Power,GA,KLONDIKE RELAY MODERNIZATION,KLONDIKE,33.636977,-84.124487,,,,33.636977,-84.124487,2024-01-01,2026-06-01,high,219
GPC_20300,Georgia Power,GA,MORROW 115KV RELAY UPGRADE,MORROW,33.605931,-84.333462,,,,33.605931,-84.333462,2024-06-01,2026-06-01,high,220
GPC_20489,Georgia Power,GA,SCOTTDALE RELAY MODERNIZATION,SCOTTDALE,33.797108,-84.269913,,,,33.797108,-84.269913,2024-01-01,2026-06-01,low,221
GPC_20668,Georgia Power,GA,DRESDEN LINE PROTECTIVE RELAYING,DRESDEN,33.351115,-84.905954,,,,33.351115,-84.905954,2024-12-01,2026-12-01,high,222
GPC_18832,Georgia Power,GA,MEAG: FORTSON SUBSTATION MODERNIZATION,FORTSON,32.610165,-84.915634,,,,32.610165,-84.915634,2025-01-01,2027-01-13,high,223
GPC_21022,Georgia Power,GA,OHARA BREAKER REPLACEMENT,OHARA,33.481901,-84.36739,,,,33.481901,-84.36739,2025-10-01,2026-10-01,low,225
GPC_20277,Georgia Power,GA,SAV: MCINTOSH - PURRYSBURG 230KV REACTORS,MCINTOSH,32.352116,-81.175112,PURRYSBURG,32.36884,-81.12243,32.360478,-81.148771,2024-01-01,2026-06-01,medium,227
GPC_21111,Georgia Power,GA,GTC: HARTWELL DAM - HARTWELL ENERGY 230KV SERIES REACTORS,HARTWELL DAM,34.357084,-82.821408,HARTWELL ENERGY,34.339328,-82.820172,34.348206,-82.82079,2027-06-01,2030-06-01,high,228
GPC_21113,Georgia Power,GA,GTC: HARTWELL ENERGY - MIDDLE FORK 230KV LINE,HARTWELL ENERGY,34.339328,-82.820172,MIDDLE FORK,34.422538,-83.358612,34.380933,-83.089392,2027-06-01,2030-06-01,low,229
GPC_19523,Georgia Power,GA,SAV: CC - HYUNDAI MOTORS SAVANNAH AKA. PROJECT EA,HYUNDAI MOTORS,32.166622,-81.460932,,,,32.166622,-81.460932,2022-06-01,2025-04-25,high,231
GPC_18670,Georgia Power,GA,GTC: BANKS CROSSING - POND FORK 115 KV,BANKS CROSSING,34.256773,-83.464051,POND FORK,34.249477,-83.739621,34.253125,-83.601836,2021-06-01,2025-05-01,low,232
GPC_18492,Georgia Power,GA,MITCHELL - NORTH TIFTON 230KV RECONDUCTOR,MITCHELL,31.447121,-84.133843,NORTH TIFTON,31.478089,-83.54913,31.462605,-83.841486,2021-12-31,2025-05-01,high,233
GPC_19676,Georgia Power,GA,ADAMSVILLE - JACK MCDONOUGH 230KV LINE REBUILD,ADAMSVILLE,33.759274,-84.505209,JACK MCDONOUGH,,,33.759274,-84.505209,2023-06-01,2025-06-01,low,234
GPC_18800,Georgia Power,GA,ECHECONNEE-WELLSTON 115KV REBUILD,ECHECONNEE,32.685144,-83.700462,WELLSTON,,,32.685144,-83.700462,2024-01-01,2025-06-01,low,235
GPC_19187,Georgia Power,GA,GRID - BREMEN - CROOKED CREEK (APC) 115 KV PROJECT,GRID,,,BREMEN,33.709192,-85.142716,33.709192,-85.142716,2021-09-01,2025-06-01,medium,236
GPC_18153,Georgia Power,GA,GTC: BONAIRE PRI-ECHECONNEE 115 KV PARTIAL REBUILD,BONAIRE PRIMARY,32.564795,-83.600023,ECHECONNEE,32.685144,-83.700462,32.624969,-83.650242,2023-01-01,2025-06-01,low,237
GPC_20590,Georgia Power,GA,GTC: EATONTON PRIMARY - LICK CREEK 115KV LINE SWITCH REPLACEMENT,EATONTON PRIMARY,33.304481,-83.402519,LICK CREEK,,,33.304481,-83.402519,2023-12-01,2025-06-01,medium,239
GPC_11821,Georgia Power,GA,JESUP - LUDOWICI PRIMARY 115KV REBUILD,JESUP,31.603106,-81.924947,LUDOWICI PRIMARY,31.721597,-81.743703,31.662352,-81.834325,2023-06-01,2025-06-01,medium,240
GPC_13787,Georgia Power,GA,MEAG: AULTMAN ROAD - BONAIRE PRIMARY 115 KV REBUILD,AULTMAN ROAD,32.56338,-83.739951,BONAIRE PRIMARY,32.564795,-83.600023,32.564087,-83.669987,2023-06-01,2025-06-01,low,242
GPC_20464,Georgia Power,GA,NORCROSS 230KV BUS 1-3 SERIES BUS TIE BREAKER INSTALLATION,NORCROSS,33.932557,-84.21343,,,,33.932557,-84.21343,2023-11-01,2025-06-01,high,243
GPC_19631,Georgia Power,GA,PINE GROVE PRIMARY 115 KV DUAL STAGE CAPACITOR BANK,PINE GROVE PRIMARY,30.881649,-83.227987,,,,30.881649,-83.227987,2023-11-01,2025-06-01,high,244
GPC_20067,Georgia Power,GA,SAV: DEPTFORD - MAGNOLIA 115KV RECONDUCTOR,DEPTFORD,32.066828,-81.048384,MAGNOLIA,32.022687,-81.086181,32.044757,-81.067283,2023-01-01,2025-06-01,high,245
GPC_20431,Georgia Power,GA,VILLA RICA LOW SIDE BREAKER,VILLA RICA,33.741022,-84.854865,,,,33.741022,-84.854865,2024-06-01,2025-06-01,high,247
GPC_18774,Georgia Power,GA,GTC: HEARD COUNTY - TENASKA 500KV (SECOND LINE),HEARD COUNTY,33.358678,-84.994222,TENASKA,33.351627,-84.99809,33.355153,-84.996156,2021-12-01,2025-12-01,medium,249
GPC_20010,Georgia Power,GA,GTC: ANTHONY SHOALS - WASHINGTON 115 KV LINE REBUILD,ANTHONY SHOALS,34.001832,-82.636279,WASHINGTON,33.706504,-82.753196,33.854168,-82.694737,2024-01-01,2025-12-31,medium,253
GPC_18691,Georgia Power,GA,GTC: LIZARD LOPE - WESTOVER 115 KV NEW LINE,LIZARD LOPE,31.61393,-84.519636,WESTOVER,31.58934,-84.211298,31.601635,-84.365467,2021-06-01,2026-03-01,low,254
GPC_19597,Georgia Power,GA,ADAMSVILLE - BUZZARD ROOST 230KV REBUILD AND JUMPER UPGRADE,ADAMSVILLE,,,BUZZARD ROOST,34.670366,-84.242139,34.670366,-84.242139,2024-06-01,2026-06-01,low,256
GPC_18960,Georgia Power,GA,BLANKETS CREEK – WOODSTOCK 115KV LINE REBUILD,BLANKETS CREEK,34.185757,-84.508012,WOODSTOCK,34.086615,-84.513108,34.136186,-84.51056,2025-06-01,2026-06-01,high,257
GPC_18679,Georgia Power,GA,DU: EAST DALTON - OOSTANAULA 115KV REBUILD,EAST DALTON,34.759974,-84.986102,OOSTANAULA,34.481476,-85.01439,34.620725,-85.000246,2023-06-01,2026-06-01,low,260
GPC_16007,Georgia Power,GA,FENWICK STREET - SAND BAR FERRY 115KV (RECONDUCTOR/REBUILD),FENWICK STREET,33.478196,-81.995678,SAND BAR FERRY,33.448561,-81.922573,33.463378,-81.959125,2022-09-01,2026-06-01,low,261
GPC_20516,Georgia Power,GA,"GOAT ROCK 230KV SWITCH, JUMPER, & LINE TRAP REPLACEMENT",GOAT ROCK SWITCH,32.609561,-85.080556,,,,32.609561,-85.080556,2024-01-01,2026-06-01,high,262
GPC_19618,Georgia Power,GA,GORDON-N DUBLIN 115KV (GORDON-ENGL MCI J) REBUILD,GORDON,32.882471,-83.316914,NORTH DUBLIN,32.545583,-82.908126,32.714027,-83.11252,2023-10-01,2026-06-01,low,263
GPC_21139,Georgia Power,GA,GRADY - MORROW (WHITE) 115KV REBUILD,GRADY,32.995328,-83.563564,MORROW,33.605931,-84.333462,33.30063,-83.948513,2024-06-01,2026-06-01,low,264
GPC_19706,Georgia Power,GA,GRID - GAINESVILLE #2 EQUIPMENT REPLACEMENT,GRID,,,GAINESVILLE,34.263022,-83.809673,34.263022,-83.809673,2024-12-31,2026-06-01,medium,265
GPC_21137,Georgia Power,GA,GTC: CONYERS - CORNISH MOUNTAIN 115KV LINE UPGRADE,CONYERS,33.66761,-84.01769,CORNISH MOUNTAIN,33.673448,-83.813791,33.670529,-83.915741,2025-06-01,2026-06-01,low,266
GPC_19334,Georgia Power,GA,GTC: LAGRANGE - NORTH OPELIKA 230 KV,LAGRANGE,33.030532,-85.029884,NORTH OPELIKA,,,33.030532,-85.029884,2023-06-01,2026-06-01,medium,267
GPC_19999,Georgia Power,GA,GTC: ROBINS SPRING BUS REPLACEMENT,ROBINS SPRING,33.005427,-82.879763,,,,33.005427,-82.879763,2023-06-01,2026-06-01,high,269
GPC_20001,Georgia Power,GA,GTC: ROBINS SPRING CAPACITOR BANK INSTALLATION,ROBINS SPRING,33.005427,-82.879763,,,,33.005427,-82.879763,2023-01-01,2026-06-01,high,270
GPC_19636,Georgia Power,GA,HAMMOND - WEISS DAM 115KV LINE REBUILD,HAMMOND,34.251206,-85.34558,WEISS DAM,34.169568,-84.757245,34.210387,-85.051413,2023-06-01,2026-06-01,low,271
GPC_20512,Georgia Power,GA,KATHLEEN AREA IMPROVEMENTS,KATHLEEN,32.495294,-83.60997,,,,32.495294,-83.60997,2024-01-01,2026-06-01,low,272
GPC_19598,Georgia Power,GA,MEAG: DRESDEN - LAGRANGE PRIMARY 230KV UPGRADE & JUMPERS,DRESDEN,33.351115,-84.905954,LAGRANGE PRIMARY,33.024106,-85.01568,33.187611,-84.960817,2024-06-01,2026-06-01,medium,273
GPC_20270,Georgia Power,GA,MEAG: RAY PLACE RD - WASHINGTON #3,RAY PLACE RD,33.468258,-82.819772,WASHINGTON,33.706504,-82.753196,33.587381,-82.786484,2024-01-01,2026-06-01,low,274
GPC_20271,Georgia Power,GA,MEAG: RAY PLACE RD - WASHINGTON (WASHINGTON - WASHINGTON 3),RAY PLACE RD,33.468258,-82.819772,WASHINGTON,33.706504,-82.753196,33.587381,-82.786484,2025-06-01,2026-06-01,low,275
GPC_18690,Georgia Power,GA,PALMYRA REACTOR REMOVAL,PALMYRA,31.637673,-84.194353,,,,31.637673,-84.194353,2023-05-01,2026-06-01,low,276
GPC_20066,Georgia Power,GA,SAV: BOULEVARD - DEPTFORD 115KV RECONDUCTOR,BOULEVARD,32.041231,-81.144464,DEPTFORD,32.066828,-81.048384,32.054029,-81.096424,2025-06-01,2026-06-01,high,277
GPC_19966,Georgia Power,GA,SAV: CC - BIG OGEECHEE 500/230KV (CC NETWORK IMPROVEMENTS),LITTLE OGEECHEE,32.006786,-81.253151,,,,32.006786,-81.253151,2023-06-01,2026-06-01,high,278
GPC_17900,Georgia Power,GA,UNION CITY - YATES 230 KV WHITE LINE REBUILD,UNION CITY,33.55317,-84.509067,YATES WHITE,,,33.55317,-84.509067,2023-06-01,2026-06-01,medium,279
GPC_20691,Georgia Power,GA,UNION CITY - YATES 230KV (WHITE) SWITCH AND TRAP REPLACEMENT,UNION CITY,33.55317,-84.509067,YATES SWITCH AND TRAP,,,33.55317,-84.509067,2024-05-15,2026-06-01,medium,280
GPC_20874,Georgia Power,GA,GTC: BARNESVILLE PRIMARY-BARNESVILLE #1 115KV RECONDUCTOR,BARNESVILLE PRIMARY,33.032069,-84.201258,BARNESVILLE,33.055544,-84.15297,33.043807,-84.177114,2024-06-01,2026-12-01,medium,282
GPC_20273,Georgia Power,GA,GTC: DRESDEN 500KV BUS EXPANSION,DRESDEN,33.351115,-84.905954,,,,33.351115,-84.905954,2024-12-01,2026-12-01,high,283
GPC_20002,Georgia Power,GA,GTC: GORDON - SANDERSVILLE #1 115KV LINE REBUILD,GORDON,32.882471,-83.316914,SANDERSVILLE,32.998477,-82.801938,32.940474,-83.059426,2023-02-01,2026-12-01,medium,284
GPC_19287,Georgia Power,GA,GRADY-WEST END 115KV REBUILD,GRADY,32.995328,-83.563564,WEST END,,,32.995328,-83.563564,2022-06-01,2026-12-31,low,286
GPC_19363,Georgia Power,GA,MORROW - MOUNTAIN VIEW 115 KV REBUILD,MORROW,33.605931,-84.333462,MOUNTAIN VIEW,33.641776,-84.390204,33.623854,-84.361833,2024-01-01,2026-12-31,low,287
GPC_19635,Georgia Power,GA,GTC: HICKORY LEVEL - VILLA RICA 230KV LINE RECONDUCTOR,HICKORY LEVEL,,,VILLA RICA,33.741022,-84.854865,33.741022,-84.854865,2024-05-01,2027-05-01,medium,289
GPC_19601,Georgia Power,GA,MORROW - YATES COMMON 115KV LINE UPGRADE,MORROW,33.605931,-84.333462,YATES COMMON,33.461641,-84.904198,33.533786,-84.61883,2024-05-01,2027-05-01,high,290
GPC_15879,Georgia Power,GA,POSSUM BRANCH - YATES COMMON 115KV REBUILD (YATES TO CLEM),POSSUM BRANCH,33.592007,-85.139158,YATES COMMON,33.461641,-84.904198,33.526824,-85.021678,2025-06-01,2027-05-01,low,291
GPC_20781,Georgia Power,GA,CC - SUMMER LAKE - VILLA RICA 230KV REBUILD (CC IMPROVEMENT),CC,,,SUMMER LAKE,33.37809,-84.676726,33.37809,-84.676726,2025-06-01,2027-06-01,medium,294
GPC_20234,Georgia Power,GA,DOYLE - LG&E MONROE 230KV - JACKS CREEK LOOP IN,DOYLE,33.837924,-83.698786,LG&E MONROE,,,33.837924,-83.698786,2027-01-03,2027-06-01,medium,296
GPC_20858,Georgia Power,GA,GTC: ADAMSVILLE - BUZZARD ROOST 230KV REBUILD,ADAMSVILLE,,,BUZZARD ROOST,34.670366,-84.242139,34.670366,-84.242139,2025-06-01,2027-06-01,low,297
GPC_20776,Georgia Power,GA,GTC: DOUGLASVILLE - VILLA RICA 230KV REBUILD (CC IMPROVEMENT),DOUGLASVILLE,33.751497,-84.747714,VILLA RICA,33.741022,-84.854865,33.74626,-84.801289,2025-06-01,2027-06-01,low,298
GPC_20778,Georgia Power,GA,GTC: DOYLE - WINDER PRIMARY 230KV LINE JUMPER REPLACEMENT,DOYLE,33.837924,-83.698786,WINDER PRIMARY,33.995459,-83.753131,33.916692,-83.725958,2025-12-31,2027-06-01,medium,299
GPC_19358,Georgia Power,GA,GTC: EAST MOULTRIE - HIGHWAY 112 230 KV LINE,EAST MOULTRIE,31.242178,-83.743474,HIGHWAY 112,,,31.242178,-83.743474,2022-06-01,2027-06-01,medium,300
GPC_20505,Georgia Power,GA,GTC: GARRETT RD - V. RICA 230KV LINE RECONDUCTOR (CC NET IM),GARRETT RD,,,VILLA RICA,33.741022,-84.854865,33.741022,-84.854865,2027-01-01,2027-06-01,medium,303
GPC_19622,Georgia Power,GA,GTC: RIDDLEVILLE BUS REPLACEMENT,RIDDLEVILLE,32.906823,-82.665689,,,,32.906823,-82.665689,2023-01-09,2027-06-01,low,304
GPC_20020,Georgia Power,GA,GTC: SOUTH HAZLEHURST - NEW LACY 230KV LINE,SOUTH HAZLEHURST,31.810691,-82.566692,NEW LACY,31.539373,-82.371518,31.675032,-82.469105,2024-01-15,2027-06-01,low,306
GPC_20506,Georgia Power,GA,GTC: SWITCH WAY - THORNTON ROAD 230KV LINE REBUILD,SWITCH WAY,33.753547,-84.587649,THORNTON ROAD,33.792015,-84.629635,33.772781,-84.608642,2025-01-01,2027-06-01,low,307
GPC_18668,Georgia Power,GA,JESUP - OFFERMAN 115KV REBUILD,JESUP,31.603106,-81.924947,OFFERMAN,31.423072,-82.143662,31.513089,-82.034305,2021-04-06,2027-06-01,medium,308
GPC_10143,Georgia Power,GA,LAWRENCEVILLE - WINDER 115KV LINE REBUILD,LAWRENCEVILLE,33.944567,-83.95566,WINDER,34.023516,-83.757831,33.984042,-83.856745,2026-10-15,2027-06-01,medium,309
GPC_10481,Georgia Power,GA,LAWRENCEVILLE - WINDER PRIMARY 230KV LINE REBUILD,LAWRENCEVILLE,33.944567,-83.95566,WINDER PRIMARY,33.995459,-83.753131,33.970013,-83.854395,2024-06-01,2027-06-01,medium,310
GPC_20264,Georgia Power,GA,MEAG: RAY PLACE RD - WARRENTON PRIMARY,RAY PLACE RD,33.468258,-82.819772,WARRENTON PRIMARY,33.380501,-82.687296,33.42438,-82.753534,2026-01-01,2027-06-01,low,311
GPC_19248,Georgia Power,GA,SANDERSVILLE #1 - WADLEY PRI. 115KV REBUILD/RECONDUCTOR,SANDERSVILLE,32.998477,-82.801938,WADLEY PRIMARY,32.808561,-82.397465,32.903519,-82.599702,2022-02-15,2027-06-01,medium,312
GPC_20785,Georgia Power,GA,SAV: GOSHEN (SAV) - KRAFT 115KV LINE REBUILD,GOSHEN (SAV),32.248701,-81.209472,KRAFT,32.148135,-81.145983,32.198418,-81.177728,2024-06-01,2027-06-01,high,313
GPC_20065,Georgia Power,GA,SAV: GOSHEN (SAV) - MCINTOSH 115KV LINE REBUILD,GOSHEN (SAV),32.248701,-81.209472,MCINTOSH,32.352116,-81.175112,32.300409,-81.192292,2025-06-01,2027-06-01,high,314
GPC_20717,Georgia Power,GA,CC - TOMOCHICHI 500/230KV SOLUTION (CC NETWORK IMPROVEMENTS),CC,,,TOMOCHICHI,33.2714,-84.09,33.2714,-84.09,2024-06-01,2027-07-15,low,315
GPC_18573,Georgia Power,GA,GRID - ARKWRIGHT - LLOYD SHOALS 115KV,GRID,,,ARKWRIGHT,32.927222,-83.698878,32.927222,-83.698878,2021-06-01,2027-07-30,low,316
GPC_20591,Georgia Power,GA,GTC: EATONTON PRIMARY (035591) - LICK CREEK 115KV REBUILD,EATONTON PRIMARY,33.304481,-83.402519,LICK CREEK,,,33.304481,-83.402519,2023-10-01,2027-12-01,medium,317
GPC_17977,Georgia Power,GA,ATHENA - EAST WATKINSVILLE 115 KV (REBUILD),ATHENA,33.976403,-83.346119,EAST WATKINSVILLE,33.860546,-83.384765,33.918475,-83.365442,2024-08-01,2027-12-31,high,318
GPC_19997,Georgia Power,GA,AULTMAN ROAD-PERRY 115KV LINE REBUILD,AULTMAN ROAD,32.56338,-83.739951,PERRY,32.455381,-83.702021,32.509381,-83.720986,2025-06-01,2028-06-01,low,321
GPC_20797,Georgia Power,GA,CC - EAST VILLA RICA AREA SWITCHING STATION (CC IMPROVEMENT),CC,,,EAST VILLA RICA,33.741795,-84.959598,33.741795,-84.959598,2025-06-01,2028-06-01,low,322
GPC_20774,Georgia Power,GA,CC - VILLA RICA UPGRADES (CC NETWORK IMPROVEMENTS),CC,,,VILLA RICA,33.741022,-84.854865,33.741022,-84.854865,2026-06-01,2028-06-01,medium,323
GPC_21048,Georgia Power,GA,FITZGERALD - PITTS 115 KV LINE REBUILD,FITZGERALD,31.729335,-83.292411,PITTS,31.944621,-83.540721,31.836978,-83.416566,2025-06-01,2028-06-01,low,324
GPC_08458,Georgia Power,GA,GTC: BARNESVILLE - SOUTH GRIFFIN 230KV PROJECT,BARNESVILLE,33.055544,-84.15297,SOUTH GRIFFIN,,,33.055544,-84.15297,2026-01-01,2028-06-01,medium,325
GPC_20503,Georgia Power,GA,GTC: BARNEYVILLE - EAST MOULTRIE 115KV NEW LINE,BARNEYVILLE,31.214078,-83.454051,EAST MOULTRIE,31.242178,-83.743474,31.228128,-83.598762,2025-06-01,2028-06-01,low,326
GPC_20873,Georgia Power,GA,GTC: BONAIRE PRIMARY 500/230KV XFMR REPLCMNT & RELAY MOD,BONAIRE PRIMARY,32.564795,-83.600023,,,,32.564795,-83.600023,2024-03-14,2028-06-01,high,327
GPC_19992,Georgia Power,GA,GTC: BOSTWICK - EAST SOCIAL CIRCLE 230KV RECONDUCTOR,BOSTWICK,33.737371,-83.514509,EAST SOCIAL CIRCLE,33.67415,-83.679326,33.705761,-83.596917,2024-12-31,2028-06-01,low,328
GPC_19629,Georgia Power,GA,MEAG: BRUMBLEY CREEK - SOUTH BAINBRIDGE 115KV REBUILD,BRUMBLEY CREEK,30.88231,-84.14416,SOUTH BAINBRIDGE,30.839608,-84.488921,30.860959,-84.31654,2024-01-01,2028-06-01,low,330
GPC_19630,Georgia Power,GA,MEAG: THOMASVILLE 230/115KV AUTOBANK REPLACEMENT,THOMASVILLE,30.90852,-84.005031,,,,30.90852,-84.005031,2027-06-01,2028-06-01,high,331
GPC_20482,Georgia Power,GA,PITTMAN ROAD - WEST POINT DAM (USA) 115KV REBUILD,PITTMAN ROAD,,,WEST POINT DAM (USA),32.918762,-85.188822,32.918762,-85.188822,2025-06-01,2028-06-01,medium,332
GPC_20656,Georgia Power,GA,PLANT YATES BREAKER AND HALF STATION,PLANT YATES,33.457634,-84.896958,,,,33.457634,-84.896958,2024-05-01,2028-06-01,high,333
GPC_20783,Georgia Power,GA,SAV: COLEMAN - DEAN FOREST 115KV LINE REBUILD,COLEMAN,32.10772,-81.226912,DEAN FOREST,32.08351,-81.188722,32.095615,-81.207817,2025-06-01,2028-06-01,medium,334
GPC_20407,Georgia Power,GA,SAV: MAGNOLIA - TRUMAN PARKWAY 115KV REBUILD,MAGNOLIA,32.022687,-81.086181,TRUMAN PARKWAY,32.040378,-81.071942,32.031532,-81.079061,2025-06-01,2028-06-01,low,335
GPC_21069,Georgia Power,GA,SMART VALVES AT EAST VILLA RICA SWITCHING STATION,EAST VILLA RICA,33.741795,-84.959598,,,,33.741795,-84.959598,2028-06-01,2028-06-01,low,336
GPC_20768,Georgia Power,GA,SOUTH MACON 115KV BUSES 1 & 2 REPLACEMENT,SOUTH MACON,32.820349,-83.626198,,,,32.820349,-83.626198,2025-01-15,2028-06-01,high,337
GPC_20274,Georgia Power,GA,UNION CITY - YATES 230KV (BLACK) LINE REBUILD,UNION CITY,33.55317,-84.509067,YATES,33.457634,-84.896958,33.505402,-84.703012,2025-06-01,2028-06-01,medium,338
GPC_21062,Georgia Power,GA,ASHLEY PARK-WANSLEY 500KV,ASHLEY PARK,33.507336,-84.476872,WANSLEY,33.410956,-85.030769,33.459146,-84.75382,2024-12-01,2029-06-01,low,341
GPC_10222,Georgia Power,GA,BLAKELY PRIMARY - HUCKLEBERRY 115KV REBUILD,BLAKELY PRIMARY,31.371554,-84.90598,HUCKLEBERRY,31.571144,-84.951782,31.471349,-84.928881,2025-06-01,2029-06-01,low,342
GPC_21047,Georgia Power,GA,BROADWAY - ECHECONNEE 115 KV LINE REBUILD,BROADWAY,32.788915,-83.65169,ECHECONNEE,32.685144,-83.700462,32.737029,-83.676076,2025-01-01,2029-06-01,low,343
GPC_16887,Georgia Power,GA,BUTLER - THOMASTON 230KV LINE CONVERSION,BUTLER,32.571022,-84.289729,THOMASTON,32.946564,-84.266479,32.758793,-84.278104,2025-01-01,2029-06-01,medium,344
GPC_21036,Georgia Power,GA,BUZZARD ROOST - FACTORY SHOALS 230KV NEW LINE,BUZZARD ROOST,34.670366,-84.242139,FACTORY SHOALS,,,34.670366,-84.242139,2026-06-01,2029-06-01,low,345
GPC_21142,Georgia Power,GA,CONYERS - KLONDIKE 230 KV SECOND LINE,CONYERS,33.66761,-84.01769,KLONDIKE,33.636977,-84.124487,33.652294,-84.071089,2026-06-01,2029-06-01,low,346
GPC_21138,Georgia Power,GA,GLENWOOD SPRINGS - PORTERDALE PRIMARY 230KV LINE SWITCH REPL,GLENWOOD SPRINGS,33.301774,-83.403962,PORTERDALE PRIMARY,33.575115,-83.893795,33.438444,-83.648879,2029-06-01,2029-06-01,low,347
GPC_21112,Georgia Power,GA,GTC: BARNESVILLE PRIMARY - THOMASTON 230KV,BARNESVILLE PRIMARY,33.032069,-84.201258,THOMASTON,32.946564,-84.266479,32.989317,-84.233869,2027-06-01,2029-06-01,medium,348
GPC_10814,Georgia Power,GA,GTC: BAY CREEK 230/115KV SECOND AUTO TRANSFORMER,BAY CREEK,33.86812,-83.882351,,,,33.86812,-83.882351,2028-06-01,2029-06-01,high,349
GPC_21140,Georgia Power,GA,GTC: BONAIRE PRIMARY - EASTMAN PRIMARY 115 KV LINE REBUILD,BONAIRE PRIMARY,32.564795,-83.600023,EASTMAN PRIMARY,32.213299,-83.161422,32.389047,-83.380722,2026-01-01,2029-06-01,high,350
GPC_20849,Georgia Power,GA,GTC: CLIFTONDALE - LINE CREEK 230KV LINE,CLIFTONDALE,33.644832,-84.594654,LINE CREEK,33.338395,-84.546636,33.491614,-84.570645,2026-06-01,2029-06-01,low,351
GPC_19950,Georgia Power,GA,GTC: DRESDEN - TALBOT 500KV LINE,DRESDEN,33.351115,-84.905954,TALBOT,32.588296,-84.69217,32.969706,-84.799062,2025-06-01,2029-06-01,medium,352
GPC_20760,Georgia Power,GA,GTC: HOPEWELL 230/115 KV BANK A,HOPEWELL,34.174192,-84.283406,,,,34.174192,-84.283406,2028-06-01,2029-06-01,high,353
GPC_21123,Georgia Power,GA,GTC: TENASKA - WANSLEY 500KV NEW LINE,TENASKA,33.351627,-84.99809,WANSLEY,33.410956,-85.030769,33.381291,-85.01443,2024-12-01,2029-06-01,medium,354
GPC_21141,Georgia Power,GA,LLOYD SHOALS - PORTERDALE PRIMARY 115KV REBUILD,LLOYD SHOALS,33.320614,-83.841009,PORTERDALE PRIMARY,33.575115,-83.893795,33.447864,-83.867402,2026-03-01,2029-06-01,low,355
GPC_20285,Georgia Power,GA,LOWER RIVER - WEBB (APC) 115KV RECONDUCTOR,LOWER RIVER,33.706987,-84.653634,WEBB,34.09732,-84.259366,33.902154,-84.4565,2025-06-01,2029-06-01,low,356
GPC_19621,Georgia Power,GA,MCEVER ROAD - SHOAL CREEK 115KV REBUILD,MCEVER ROAD,34.272883,-83.873801,SHOAL CREEK,33.871133,-83.640268,34.072008,-83.757035,2024-12-31,2029-06-01,low,357
GPC_20346,Georgia Power,GA,MCMANUS - WEST BRUNSWICK 115KV REBUILD,MCMANUS,31.215869,-81.544137,WEST BRUNSWICK,31.279909,-81.558657,31.247889,-81.551397,2026-01-01,2029-06-01,high,358
GPC_17706,Georgia Power,GA,MEAG: AULTMAN ROAD - FORT VALLEY #1 115 KV REBUILD,AULTMAN ROAD,32.56338,-83.739951,FORT VALLEY,32.561358,-83.872258,32.562369,-83.806104,2026-06-01,2029-06-01,low,359
GPC_11051,Georgia Power,GA,MEAG: SLAPPEY DRIVE - WESTOVER 115KV LINE REBUILD,SLAPPEY DRIVE,,,WESTOVER,31.58934,-84.211298,31.58934,-84.211298,2026-06-01,2029-06-01,low,360
GPC_20757,Georgia Power,GA,NORCROSS - NORTH DRUID HILLS 115KV REBUILD,NORCROSS,33.932557,-84.21343,NORTH DRUID HILLS,33.820589,-84.31938,33.876573,-84.266405,2025-01-01,2029-06-01,low,361
GPC_21006,Georgia Power,GA,SAV: BOULEVARD - MAGNOLIA 115 KV LINE REBUILD,BOULEVARD,32.041231,-81.144464,MAGNOLIA,32.022687,-81.086181,32.031959,-81.115322,2027-01-01,2029-06-01,high,362
GPC_21023,Georgia Power,GA,SAV: DEAN FOREST - LITTLE OGEECHEE 230 KV REBUILD,DEAN FOREST,32.08351,-81.188722,LITTLE OGEECHEE,32.006786,-81.253151,32.045148,-81.220937,2026-01-01,2029-06-01,high,363
GPC_13628,Georgia Power,GA,SOUTH BAINBRIDGE - SINAI (FPL) 115KV LINE RECONDUCTOR,SOUTH BAINBRIDGE,30.839608,-84.488921,SINAI,30.663817,-84.90079,30.751712,-84.694856,2025-06-01,2029-06-01,high,365
GPC_20248,Georgia Power,GA,BAY CREEK - CONYERS 230KV REBUILD,BAY CREEK,33.86812,-83.882351,CONYERS,33.66761,-84.01769,33.767865,-83.95002,2031-06-01,2029-12-31,low,366
GPC_21129,Georgia Power,GA,ANNISTON - HAMMOND 230KV LINE,ANNISTON,,,HAMMOND,34.251206,-85.34558,34.251206,-85.34558,2025-06-01,2030-06-01,low,367
GPC_20764,Georgia Power,GA,ATKINSON - NORTHSIDE DRIVE 115KV REBUILD,ATKINSON,33.825476,-84.471421,NORTHSIDE DRIVE,33.788362,-84.4076,33.806919,-84.439511,2027-06-01,2030-06-01,low,368
GPC_20761,Georgia Power,GA,ATKINSON - NORTHWEST 115KV REBUILD,ATKINSON,33.825476,-84.471421,NORTHWEST,,,33.825476,-84.471421,2027-06-01,2030-06-01,medium,369
GPC_10478,Georgia Power,GA,CORNELIA - TALLULAH LODGE 115KV REBUILD,CORNELIA,34.511488,-83.527117,TALLULAH LODGE,,,34.511488,-83.527117,2027-06-01,2030-06-01,low,371
GPC_18669,Georgia Power,GA,DU: DAWSON CROSSING - NELSON (WHITE) 115 KV REBUILD,DAWSON CROSSING,34.378118,-84.133575,NELSON,34.386597,-84.378771,34.382358,-84.256173,2024-12-31,2030-06-01,high,372
GPC_21097,Georgia Power,GA,EAST POINT - TRIBUTARY 230KV REBUILD,EAST POINT,33.67635,-84.462966,TRIBUTARY,,,33.67635,-84.462966,2027-06-01,2030-06-01,medium,373
GPC_20480,Georgia Power,GA,EAST POINT - UNION CITY 230KV BLACK LINE RECONDUCTOR,EAST POINT,33.67635,-84.462966,UNION CITY BLACK,,,33.67635,-84.462966,2028-06-01,2030-06-01,medium,374
GPC_19627,Georgia Power,GA,ECHECONNEE-WELLSTON 115KV LINE REBUILD,ECHECONNEE,32.685144,-83.700462,WELLSTON,,,32.685144,-83.700462,2023-06-01,2030-06-01,low,375
GPC_12120,Georgia Power,GA,GAINESVILLE #2 - MCEVER ROAD 115 KV REBUILD,GAINESVILLE,34.263022,-83.809673,MCEVER ROAD,34.272883,-83.873801,34.267953,-83.841737,2025-12-31,2030-06-01,medium,377
GPC_20298,Georgia Power,GA,GLENWOOD SPRINGS - LAKE OCONEE 115KV LINE REBUILD,GLENWOOD SPRINGS,33.301774,-83.403962,LAKE OCONEE,32.852944,-82.96548,33.077359,-83.184721,2027-06-01,2030-06-01,low,378
GPC_21128,Georgia Power,GA,GOAT ROCK REACTORS INSTALLATION,GOAT ROCK,32.609561,-85.080556,,,,32.609561,-85.080556,2028-06-01,2030-06-01,high,379
GPC_19996,Georgia Power,GA,GOLDENS CREEK - WARRENTON PRIMARY 230KV REBUILD,GOLDENS CREEK,,,WARRENTON PRIMARY,33.380501,-82.687296,33.380501,-82.687296,2028-06-01,2030-06-01,medium,380
GPC_20428,Georgia Power,GA,GORDON-SANDERSVILLE #1 115KV LINE REBUILD (DEEPSTEP-SAND #6),GORDON,32.882471,-83.316914,SANDERSVILLE,32.998477,-82.801938,32.940474,-83.059426,2023-12-01,2030-06-01,medium,381
GPC_21116,Georgia Power,GA,GOSHEN AREA STRATEGIC SOLUTION,GOSHEN,33.3198,-81.9953,,,,33.3198,-81.9953,2025-06-01,2030-06-01,medium,382
GPC_21073,Georgia Power,GA,GTC: BIG SMARR - TOMOCHICHI 500KV,BIG SMARR,,,TOMOCHICHI,33.2714,-84.09,33.2714,-84.09,2024-12-01,2030-06-01,low,383
GPC_21014,Georgia Power,GA,GTC: BUZZARD ROOST - CAVENDER DRIVE 230KV NEW LINE,BUZZARD ROOST,34.670366,-84.242139,CAVENDER DRIVE,,,34.670366,-84.242139,2026-06-01,2030-06-01,low,384
GPC_20375,Georgia Power,GA,GTC: EAST WATKINSVILLE 230 KV STATION MODIFICATION,EAST WATKINSVILLE,33.860546,-83.384765,,,,33.860546,-83.384765,2028-06-01,2030-06-01,high,386
GPC_21131,Georgia Power,GA,GTC: POND FORK - MIDWAY 115KV LINE,POND FORK,,,MIDWAY,31.805769,-81.430664,31.805769,-81.430664,2026-06-01,2030-06-01,low,387
GPC_21077,Georgia Power,GA,GTC: ROCKVILLE - TIGER CREEK -WARTHEN 500KV LINES,ROCKVILLE,33.327636,-83.218768,TIGER CREEK -WARTHEN LINES,,,33.327636,-83.218768,2024-12-01,2030-06-01,low,388
GPC_21076,Georgia Power,GA,GTC: TALBOT #2 - TAZEWELL 500KV LINE,TALBOT,32.588296,-84.69217,TAZEWELL,32.379482,-84.440221,32.483889,-84.566195,2024-12-01,2030-06-01,low,389
GPC_21094,Georgia Power,GA,GTC: TIGER CREEK-ROCKVILLE-NORTH SPA 230KV PROJECT,TIGER CREEK,33.094506,-82.981585,ROCKVILLE,33.327636,-83.218768,33.211071,-83.100176,2025-01-01,2030-06-01,low,390
GPC_20789,Georgia Power,GA,JEFFERSON ROAD - WINDER PRIMARY 115KV REBUILD,JEFFERSON ROAD,33.977796,-83.579481,WINDER PRIMARY,33.995459,-83.753131,33.986628,-83.666306,2025-06-01,2030-06-01,low,391
GPC_20284,Georgia Power,GA,KETTLE CREEK PRIMARY - PINE GROVE PRIMARY 115KV REBUILD,KETTLE CREEK PRIMARY,,,PINE GROVE PRIMARY,30.881649,-83.227987,30.881649,-83.227987,2026-06-02,2030-06-01,medium,392
GPC_21118,Georgia Power,GA,MEAG: ATHENA - WARRENTON 230KV CONVERSION,ATHENA,33.976403,-83.346119,WARRENTON,33.406448,-82.670842,33.691426,-83.00848,2025-06-01,2030-06-01,medium,393
GPC_19995,Georgia Power,GA,TALLULAH LODGE - TOCCOA 115 KV REBUILD,TALLULAH LODGE,,,TOCCOA,34.580946,-83.352734,34.580946,-83.352734,2025-12-31,2030-06-01,medium,396
GPC_20160,Georgia Power,GA,THOMASTON 230 NEW BUILD SUB,THOMASTON 230,32.8948,-84.32796,,,,32.8948,-84.32796,2026-01-01,2030-11-01,low,398
GPC_18848,Georgia Power,GA,"BAINBRIDGE TRANSMISSION: EAST RIVER ROAD, EAST BAINBRIDGE",BAINBRIDGE,30.912552,-84.566992,,,,30.912552,-84.566992,2023-06-01,2030-12-31,high,399
GPC_20690,Georgia Power,GA,EAST POINT - UNION CITY (WHITE) 230KV REBUILD,EAST POINT,33.67635,-84.462966,UNION CITY,33.55317,-84.509067,33.61476,-84.486016,2028-06-01,2031-05-01,medium,401
GPC_19632,Georgia Power,GA,AVERY - HOPEWELL 115KV RECONDUCTOR,AVERY,34.216989,-84.385764,HOPEWELL,34.174192,-84.283406,34.195591,-84.334585,2028-01-01,2031-06-01,high,402
GPC_10811,Georgia Power,GA,BOWEN #10 500/230KV AUTOBANK REPLACEMENT,BOWEN,34.121585,-84.922327,,,,34.121585,-84.922327,2025-06-01,2031-06-01,high,403
GPC_20756,Georgia Power,GA,HATCH - WADLEY 500 KV LINE STRATEGIC PROJECT,HATCH,31.931683,-82.352967,WADLEY,32.808561,-82.397465,32.370122,-82.375216,2024-07-03,2031-06-01,medium,404
GPC_21114,Georgia Power,GA,MEAG: SOUTH GRIFFIN 230/115KV BANK #5,SOUTH GRIFFIN,31.777569,-83.396032,,,,31.777569,-83.396032,2030-06-01,2032-06-01,low,406
GPC_20784,Georgia Power,GA,SAV: COLEMAN - MELDRIM 115KV LINE REBUILD,COLEMAN,32.10772,-81.226912,MELDRIM,32.155282,-81.368377,32.131501,-81.297644,2029-06-01,2032-06-01,medium,407
GPC_20767,Georgia Power,GA,ARKWRIGHT BUS AND JUMPER REPLACEMENT,ARKWRIGHT,32.927222,-83.698878,,,,32.927222,-83.698878,2029-06-01,2033-06-01,low,408
GPC_20758,Georgia Power,GA,BAY CREEK - CONYERS 230KV LIMITING ELEMENT REPLACEMENT,BAY CREEK,33.86812,-83.882351,CONYERS,33.66761,-84.01769,33.767865,-83.95002,2031-06-01,2033-06-01,low,409
GPC_20793,Georgia Power,GA,EVANS PRIMARY - THURMOND DAM (USA) #5 115KV REBUILD,EVANS PRIMARY,33.543994,-82.168648,THURMOND DAM (USA) #5,33.660127,-82.195931,33.602061,-82.182289,2029-06-01,2033-06-01,high,410
GPC_20794,Georgia Power,GA,EVANS PRIMARY - THURMOND DAM (USA) #6 115KV REBUILD,EVANS PRIMARY,33.543994,-82.168648,THURMOND DAM (USA) #6,33.660127,-82.195931,33.602061,-82.182289,2030-06-01,2033-06-01,high,411
GPC_12217,Georgia Power,GA,GTC: CENTER PRIMARY - CLARKSBORO 230 KV REBUILD,CENTER PRIMARY,34.053441,-83.398085,CLARKSBORO,34.041223,-83.498217,34.047332,-83.448151,2028-06-01,2033-06-01,low,412
GPC_20773,Georgia Power,GA,GTC: CLARKSBORO - WINDER PRIMARY 230KV REBUILD,CLARKSBORO,34.041223,-83.498217,WINDER PRIMARY,33.995459,-83.753131,34.018341,-83.625674,2029-06-01,2033-06-01,low,413
GPC_12147,Georgia Power,GA,GTC: EAST SOCIAL CIRCLE - SNELLVILLE 230KV EQUIPMENT UPGRADE,EAST SOCIAL CIRCLE,33.67415,-83.679326,SNELLVILLE,33.838869,-84.048121,33.756509,-83.863723,2030-06-01,2033-06-01,high,414
GPC_21075,Georgia Power,GA,GTC: EAST WALTON - MIDDLE FORK 500KV,EAST WALTON,,,MIDDLE FORK,34.422538,-83.358612,34.422538,-83.358612,2024-12-01,2033-06-01,low,415
GPC_20791,Georgia Power,GA,GTC: SHOAL CREEK - SOUTH HALL 230KV REBUILD,SHOAL CREEK,33.871133,-83.640268,SOUTH HALL,34.21861,-83.802581,34.044872,-83.721424,2029-06-01,2033-06-01,low,416
GPC_21053,Georgia Power,GA,MCEVER ROAD - SHOAL CREEK 115KV REBUILD,MCEVER ROAD,34.272883,-83.873801,SHOAL CREEK,33.871133,-83.640268,34.072008,-83.757035,2030-06-01,2033-06-01,low,417
GPC_09661,Georgia Power,GA,MCGRAU FORD - MIDDLE FORK 500KV LINE PROJECT,MCGRAU FORD,34.326453,-84.337007,MIDDLE FORK,34.458435,-83.488225,34.392444,-83.912616,2026-06-01,2033-06-01,low,418
GPC_20796,Georgia Power,GA,SAV: MELDRIM BANK D REPLACEMENT,MELDRIM,32.155282,-81.368377,,,,32.155282,-81.368377,2030-06-01,2033-06-01,high,419
GPC_14222,Georgia Power,GA,THOMSON PRIMARY 230/115KV SECOND TRANSFORMER,THOMSON PRIMARY,33.453955,-82.414219,,,,33.453955,-82.414219,2025-08-01,2033-06-01,medium,420
GPC_20759,Georgia Power,GA,WINDER PRIMARY 230KV BUS 1-2 PARALLEL BUS-TIE INSTALLATION,WINDER PRIMARY,33.995459,-83.753131,,,,33.995459,-83.753131,2031-06-01,2033-06-01,medium,421
GPC_10487,Georgia Power,GA,PINE GROVE PRIMARY - WEST VALDOSTA 115 KV RECONDUCTOR,PINE GROVE PRIMARY,30.881649,-83.227987,WEST VALDOSTA,30.846057,-83.254336,30.863853,-83.241161,2029-12-31,2033-12-31,low,422
GPC_18700,Georgia Power,GA,DAWSON CROSSING - GAINESVILLE #1 115 KV,DAWSON CROSSING,34.378118,-84.133575,GAINESVILLE,34.263022,-83.809673,34.32057,-83.971624,2032-06-01,2034-06-01,medium,423
GPC_20787,Georgia Power,GA,SAV: LITTLE OGEECHEE 230/115KV BANK REPLACEMENT,LITTLE OGEECHEE,32.006786,-81.253151,,,,32.006786,-81.253151,2030-06-01,2034-06-01,high,424
GPC_17993,Georgia Power,GA,EVANS PRIMARY - THOMSON PRIMARY 115KV REBUILD,EVANS PRIMARY,33.543994,-82.168648,THOMSON PRIMARY,33.453955,-82.414219,33.498975,-82.291434,2031-01-01,2034-12-31,medium,425
